input,instructions,solution
12345672121232,11944386,"R B D2 B R D' B D' B' R2 B2"
12345672123212,11451601,"R B R' B2 D' R B2 R D' R' D2"
12345672321212,12022903,"R B D' R2 B' R B2 R B' R' D2"
12345673131323,11608883,"R B R2 D B' D2 B' R B' R D2"
12345673132313,13739194,"R B' D2 B' R' B D' R D' R2 D2"
12345673231313,13351239,"R B' R2 B' R' D B' R D' R2 D2"
12345761111111,8041318,"R B R' D2 B' D R' D' B D2 B"
12346571111231,5950273,"R B R' B2 R' B' D' R D2 B D'"
12346751113133,8286770,"R B2 D R' D B D' R2 B2 D R"
12347561112212,7585616,"R B D' R D R2 D2 B' R' B D2"
12347651111111,12583589,"R2 B' R B D B2 D B' D' R D'"
12347651122112,7783996,"R B' D R2 B R2 B' D B' D2 B2"
12347651133311,7095890,"R B2 R B R' B D2 B' R2 D R2"
12347652111221,6394692,"R B R2 B' R D' B2 R2 D' B' R2"
12347652123233,7564533,"R B2 R' D2 R B' R' D R2 B D2"
12347652123332,9322314,"R D2 R' D2 R B' D' R D2 B D2"
12347652223232,7057655,"R B2 R2 B D R' B' D B' R' B"
12347653111133,7532844,"R B2 R2 D B D2 B D' R' D2 B"
12347653132223,6443251,"R B R D' B2 D R' D' R2 D2 B2"
12347653132322,6295646,"R B R D B2 R2 D2 R D2 R' B"
12347653332323,7094931,"R B2 R2 D2 B' D B' R B2 R' B"
12354671111111,8876512,"R B' R2 D' B R' B' D R2 D B"
12354761112323,11747710,"R2 B R' D R B2 D' R D R2 D'"
12354762121112,8365410,"R B2 R' D R2 D R B' R' D R2"
12354762121211,9091246,"R B' D R' D2 R D2 B D' B2 D"
12354762311123,6830876,"R B D B D2 R' D B' R' B2 R2"
12354763131131,7610829,"R B2 R B2 R2 D R' D R2 D R2"
12354763133111,6916972,"R B R B2 D2 B' D' R2 D' R2 D2"
12354763211123,8098837,"R B2 D' B R' D R2 D R D' R2"
12356471113133,7316803,"R B R2 D2 B' D B D' B D2 R"
12356741133131,9926162,"R B R2 B D2 B' R B2 D' B2 D"
12356741313131,10335382,"R B R2 D B' D2 R2 D R' B' R2"
12356743113131,10395398,"R B D2 B' R2 B D' B2 D' B R2"
12357461111222,8020099,"R B' R2 D B2 D' B2 D' R' D R2"
12357461113331,7715796,"R B2 D2 R D2 R D' R' B' D2 B'"
12357462211112,7948068,"R B' R B R2 B2 D2 R' D' R D2"
12357641113331,7488139,"R B R2 B2 D B' D2 R D B2 R2"
12364571112212,8349569,"R B2 D2 R D2 R D' R' B' D2 B2"
12364751112212,7154992,"R B D2 B D' R D' R' D2 B R'"
12364751113133,7523103,"R B2 R' D R2 B' R D R D' B'"
12364753311131,7222304,"R B D2 R' B R B2 R D' B' R"
12365471111111,8866511,"R B' R2 B' D' B' D R2 B R' D"
12365471211122,7509902,"R B2 D B' D2 R' D R D' R D"
12365471313113,6220073,"R B R D2 B' R2 B D2 B2 R' B"
12365472223232,6960354,"R B2 R D' B R D2 B2 D R D2"
12365472321233,8038387,"R B' D2 B' D B2 R2 D R' D2 B"
12365473232312,6326446,"R B D B D2 R D2 R B' R2 D2"
12365473332323,6349324,"R B R2 B' R D B2 R' D' B D'"
12365741113331,7566752,"R B D' B R D2 R2 D' R' B2 D"
12367451123333,11164416,"R B2 R2 B R D' R D' R D' R2"
12367451132222,10173964,"R B D B2 R2 B' R B' D' B2 R"
12367451213333,10829829,"R B2 R2 B' R B' D R' D B D2"
12367451312222,13241412,"R D2 R2 D B' D R' D B' D R2"
12367452113333,11973935,"R B' D B2 D2 R' D R' B' R B2"
12367453112222,10794563,"R B2 R2 B' R2 D' R B2 R2 B' D'"
12367541112212,9360803,"R B' D' R2 D B' R2 D B2 D' B2"
12367541113331,10726621,"R D2 B D2 B' D R' D R' B' R"
12367541331131,6869090,"R B R2 D2 B' D R' D B D' B'"
12374561121212,10356433,"R B R2 B R2 D' R B D2 B R2"
12374561211212,10198806,"R B R' B R' B2 D R' D B D2"
12374562111212,12107193,"R B' D B2 D2 R' D R' B' R B"
12374651111222,8384836,"R B2 D B' D' B2 R B2 R B2 R2"
12375461111222,8103266,"R B2 R' D R2 B' R D R D' B2"
12375641113112,7655246,"R D R' B2 R' D' R' D B2 R D'"
12376451111222,8532132,"R B' D R D' B D' R2 B R D2"
12376451113133,8148371,"R B2 D B2 D' B R' D B' D' R"
12376451221211,7027018,"R B D2 R' D R' B2 R' B2 D' R2"
12376541112323,8495603,"R B2 R' B' D R2 B' R' D B' D2"
12376541232233,10054873,"R D' B' R2 B' D' R2 D B R2 D'"
12376541322233,6969395,"R B D' B2 R D' B' R' D2 R2 B"
12376542121232,7757757,"R B2 R B D2 R' B2 D B R B'"
12376542123212,7155307,"R B R D' R2 B D' R2 B2 D B'"
12376543133132,6255346,"R B R D' B2 D R' D' R2 D2 B'"
12376543133231,6218046,"R B R D B2 R2 D2 R D2 R' B2"
12456731132321,11335306,"R2 D R' B2 R' B' R' D R2 B D'"
12456731233223,6730647,"R B' R B' D R2 D2 B2 D' B D"
12456733223321,6774742,"R B' R D' R' D R D2 B' D' B"
12463751231231,7158508,"R B2 R B2 R2 D R' D' R D' R"
12467351131121,7162834,"R B' D2 R' B R B D2 B R' B"
12467351231321,6205014,"R B D B2 R' B R' B D' R2 B"
12473561132123,6818318,"R B' R D R' D2 R' D' B' D B'"
12536741112323,7342984,"R B R D2 R D' B' D' B2 D2 R"
12537461332112,6840359,"R B D2 R D' R D2 R2 B' R' D"
12543671111111,9116515,"R B' R D R' D2 R' D' B' D B2"
12543671211212,7104665,"R B2 D R' D2 B' R B D' R B"
12543671331113,6518463,"R B D R2 B' R2 B D2 B2 R' D"
12543672121121,6655850,"R B D2 R2 D B2 D' B R B2 D'"
12543672321332,6878869,"R B2 R' B R' D B2 R' D' B R'"
12543672322232,6666470,"R B D R' D2 R D' B D' R2 B'"
12543672331232,6320324,"R B R2 B D' R B2 R D2 B D2"
12543673111331,6495120,"R B D R' D R2 D' B2 R B' R"
12543673221323,6808181,"R B2 R D2 R2 B' D R D' R2 D"
12543673231223,6517078,"R B D B2 R' D' B R' B D2 R"
12543673233323,8275471,"R D R' D B R B' R2 B D' B2"
12546371221331,6790829,"R B2 D2 R B2 R D' R' D' B2 D2"
12563472131213,8445203,"R B' R2 B' R' D2 R B R2 D' B'"
12563473131212,7915093,"R B2 R' B R' B2 R D2 B' R D'"
12564733323122,6500128,"R B R B D' B2 R2 B' D2 R' B"
12567433232333,6751262,"R B R' B' R D2 R' B D R B2"
12576343212221,8325116,"R B2 R' B R' D R2 D2 B2 R' D'"
12637451132111,7987294,"R D R' D2 R B' D B R2 D2 B2"
12637451332112,5997241,"R B R2 B R B2 D' R2 B R D2"
12643571321321,6596053,"R B D2 R2 B' D B R' B D2 R"
12645371131121,7401429,"R B' D2 R' B R B D2 B R' B'"
12673542331133,9137671,"R D R' D R' D B' R2 B R2 D'"
12734561112323,7302074,"R B R D2 R D' B' D R' B2 D2"
12734561322233,6439543,"R B R2 D' R2 B D' R' D B' R2"
12734562313223,6171539,"R B R B R D2 B D' B D2 R2"
12745631111111,21575278,"B R' B R B' D2 B' R' B' R D2"
12745632111122,7099391,"R B D2 B R2 B' R2 B R' D' R2"
12745632212213,8375184,"R B' D2 B R' B2 D B R D' B"
12745632222221,6807002,"R B D2 B' R' B2 R' B D R2 B2"
12745632232211,8093713,"R B' R2 B R' B2 D B D R' B"
12745633131131,7587734,"R B2 D' B' D B2 D R B2 D2 B"
12745633313312,6640422,"R B2 R B R2 B2 D B' D B2 D'"
12745633313333,7078701,"R B D' R' B R' D' B D2 R' D2"
12745633323311,6726206,"R B2 R D B2 D2 R B' D R2 D'"
12753462231323,7587106,"R B R2 B2 D R' D2 B R D2 B2"
12763452322232,6846699,"R B D R' D2 R D' B D' R2 B"
12765432121313,7701338,"R B D2 B2 D' B' D2 R B2 R' D2"
12765432222212,11650703,"R D' B2 D' B D R D2 R2 D R"
12765433121213,8734671,"R B' R D' B2 R2 D R B' D B2"
12765433331333,7982526,"R B D2 B2 D' B' R2 D B2 D' R2"
13245671321111,7718475,"R D R' B D2 R D' R' B' D2 B'"
13246571111111,9755978,"R B2 R' B' R D2 B' R' B D' B2"
13246571112233,6567261,"R B R' B2 D B' D' R' B2 R2 D"
13246571113232,10179927,"R D' B' D2 R D R2 D' B' R2 B'"
13246572321332,7712414,"R B2 D R2 D R D B R2 B R'"
13246572331232,6969403,"R B R2 B D' R B2 R D2 B D"
13246573221233,7206696,"R B2 R B R' B R B D2 R B2"
13246573321223,7346948,"R B2 R B' R2 D B D2 R' D' R"
13246752133211,8957395,"R B2 D' B2 R D' B D' B R' D"
13247563212131,7986223,"R B R' B2 D2 B' D' B D' R D'"
13254761322233,7596962,"R B' R' D2 B D' R' B D' R2 D'"
13254761323322,6526941,"R B2 R B R2 B2 R' D R2 B' D'"
13254762321233,9024456,"R D B2 D' R' B2 D B' D R B'"
13254763323122,7723540,"R D R' B' D' B' R2 D R' D2 R"
13257641112233,6634302,"R B R2 D2 B2 D' R' D' R B2 D'"
13265741112323,10962100,"R D R2 D' B2 R2 D R B' D B2"
13265742131312,9365759,"R D R B2 D2 R B' D R' B D'"
13267451122211,8145904,"R B' R2 D B2 D' B' D2 R2 B R'"
13267451311133,6831187,"R B R D2 R D' B' D' R2 B R"
13267541111132,8696356,"R B2 R2 D' R B' R2 B' R' D R'"
13267541232212,7933903,"R B R D' B R' D B2 D R D"
13274651112323,9677163,"R B2 D' B2 D' R D' R2 B2 D' R"
13275461112233,7300633,"R B2 R' B2 D2 R' D B R' B2 R"
13275463213211,7220192,"R B2 R2 D2 B' R' D R' D2 R B'"
13275641112233,8822736,"R B2 R' B D' R B' R B' R2 B2"
13275641112323,10973290,"R B2 R' B R' B R' B D' R2 D2"
13275642131333,8321876,"R B D R' B2 D' R B' D B' D'"
13275643212221,8911335,"R B2 R2 B' R B2 D' B2 D R2 B'"
13276451113211,9583940,"R B' R2 B' R D R2 D R' D2 R'"
13276451233133,9538395,"R B' R B R' B2 D2 B R' B2 R'"
13276541133122,7078482,"R B' R2 D B D2 B R2 B R' B2"
13276541213312,9508159,"R2 B D' R2 B' D R B' D R2 B2"
13276541321123,7099464,"R B' D2 R B R2 B D2 B R' D2"
13276541322311,9139356,"R2 B R2 B' D B R2 B2 R B D'"
13276541323112,5974108,"R B R2 D' B D' B R B R' B2"
13276541323322,6232632,"R B D2 R' B D' R D B R' D2"
13276542323312,7113234,"R B2 R' D' R' D B2 R' D2 R B2"
13276543323122,6877913,"R B' R B' R B2 D' B' D B2 D'"
13462571111111,7671673,"R B D R2 D R' B' D' B2 D2 R"
13462572213311,6385243,"R B R2 D B' D2 B' D' R D2 B'"
13527461211113,7614351,"R B' D' B D2 R' B D R D' R2"
13542671231231,6091264,"R B R' B R D2 R2 D' R' D2 B"
13546271213213,6813179,"R B D2 R2 B' D R' B D B' D'"
13546271231231,8780815,"R D2 B R2 B' D R' B R' B' R"
13546271321321,7546545,"R B' R' B2 R D' R2 B D2 B' D2"
13572641122133,9689575,"R D R2 D' R2 B2 D R D' B D2"
13576241312213,9451702,"R B2 R2 D' B D' B2 D' R' D R'"
13576241321321,7586140,"R B R' D B R' B2 D R' B D'"
13627451332112,6762098,"R B R' B' D' B D2 B' D R' B'"
13642571221223,8992889,"R B R2 D B R2 B2 D' R' D' B2"
13642571223221,8975482,"R B R2 B2 R' B2 D' R' D2 R' B'"
13642573221221,10172583,"R B' R D2 R' D R' D R D' B2"
13645271221331,6313320,"R B D2 B2 R D' B2 R B D2 R2"
13647521111111,7396046,"R B R D B2 D R' B' R' B2 R2"
13675241112323,8098449,"R B D2 R2 B2 R' B' D' R D2 B'"
13675242331313,7285366,"R B2 R' D R D R' B2 D B' R'"
13725642332132,7491530,"R D B2 R' D2 R' B R' D2 B2 D"
13754262123323,14445347,"R2 B' D' R B' D R2 D R' D R2"
13762451321321,6322834,"R B R2 B2 R B2 D R2 D2 B D'"
13764251211311,5809876,"R B R B' D2 R' B R' B' R B2"
13764252323231,6723489,"R B D2 B D' R B' R B2 D' B"
13765422121211,9004166,"R B D B2 D R D B2 R' D R"
14263751131121,6783644,"R B' R D B2 R' D B' D B' R2"
14267351321321,6865075,"R B D2 R2 B2 R' D B' D' R B"
14275633323122,7314987,"R D R2 B' D2 B' R D' B2 R2 B"
14325671111111,25049465,"B2 R' B R D B2 D R' B' R D'"
14325672112121,6648856,"R B D2 B D2 B' D2 B R' B' R2"
14325672231323,6879678,"R B D' R D' B2 D' B R D B2"
14325672323222,6713017,"R B D2 B2 R D B' R D2 R B2"
14325673123232,6862524,"R B2 R' D R' B2 D2 B R' D B2"
14325673232333,6446091,"R B R2 B2 R' D' R2 B R B2 D'"
14325673311131,7810893,"R B2 D' R' D B2 D B D2 R2 D"
14327652131213,7479787,"R B D2 R' D' B2 D R D2 R D'"
14327653121213,7954813,"R B2 R' D2 B D B2 D2 B' R' D2"
14352672212111,7162135,"R B R2 B' D2 R B' D2 B R D'"
14356721112323,7445916,"R B D B2 D B' D' R' B2 R2 D"
14356721322233,8705004,"R D B' R' D B2 D R D2 R2 B'"
14367252322232,6891856,"R B D2 B' R B2 R D2 R2 B' R'"
14367523311113,12114880,"R D' R' B' R B' R' D2 R' D' B"
14523672121313,7689887,"R B D2 B2 D' B' D2 R B2 R' B2"
14523673121312,9275960,"R B' D' B D2 B2 D B' D' R D2"
14527631121311,7132461,"R B2 R2 D2 B' R D' R D2 R' B"
14527631131211,6870449,"R B D2 R' D' B R' D2 B R B"
14527631133311,6637138,"R B R B D2 R2 B2 R B2 R' B"
14527631211131,7508257,"R B' R B R2 D' B' D B2 D' R'"
14527631311121,7404810,"R B2 D2 R2 D' R' D R' B2 R B"
14527632122213,7473746,"R B2 D2 B D R2 D R D2 R' B"
14527632212111,7596680,"R B2 D2 B R2 B R' D B2 D' R"
14527632333332,8940442,"R D2 R' D2 R D' B' R D2 B R2"
14527633132322,6935564,"R B2 R D R' B D2 B' D2 R D2"
14527633312133,7148912,"R B D' B2 R2 D R' B' R B' D"
14536273311311,7992648,"R B D2 B2 R D' B' D B2 R B"
14537622231323,7054491,"R B R2 B2 D R' D2 B R B2 D2"
14563272323222,6510461,"R B R B' D2 B D' R' B D' R2"
14567231312213,9457499,"R D R' D' B D2 B D' R' B R"
14567231321123,8079698,"R D R' B' D B2 D B' R' B R"
14573261333111,7709007,"R B D2 R D' B R2 B2 D' R' B"
14625731111111,9631493,"R B' D R' B2 R D2 B' D R D"
14625731131121,7651808,"R B' D' B' D R2 B' R2 B R' D"
14625731322233,6895945,"R B2 R2 B' D R B' D2 R2 B' R"
14625732112121,7246154,"R B2 R' B D' B2 R2 D' R' B2 D'"
14625732113321,8081117,"R B' R D' R2 D B' D B D2 R'"
14625732213323,6820182,"R B R2 B D R' D2 R' D2 R' B2"
14625732233111,7501580,"R B2 R D' B R D2 B' D R B"
14625733133111,6756511,"R B D B' R D2 R' B2 D B' R"
14632571111111,11793460,"R2 B R' B2 R' D' B' R D2 B R'"
14632571321132,6960918,"R B' R B' R' D B R2 D' B' D"
14652733321331,7524403,"R B R B D2 R D' B2 R2 D' R"
14673251111111,9397526,"R B' D' R D2 B' D B R B' R2"
14723651111213,6810645,"R B D B' R2 B D' B D' B2 R'"
14723651111312,8660094,"R D B D' R2 D R' D B' D2 R'"
14723651112131,6864726,"R B D2 B' D B R2 D' B' D R'"
14723651113121,6580625,"R B R2 D' R' B R' D2 B R D'"
14723651211212,6264277,"R B R2 B R' D B2 D B2 R D2"
14723652322121,5841307,"R B R2 D' R2 D B R2 D' R2 B'"
14723652331232,7203449,"R B2 D B' R2 D' R B D' B R"
14723653232222,6544948,"R B D R2 B' D' R D' R D2 B"
14723653313111,6787151,"R B R2 D2 B' R2 B R' D' R B2"
14723653321313,8303067,"R D B' D2 R D B2 D R2 D2 B"
14725361111111,7793655,"R B R B' D R' D B2 D2 B D'"
14725361111123,6789452,"R B D R2 D2 R D B' D R' D'"
14725361322332,7289270,"R B2 D2 R' D' R D' R2 B R' D2"
14725362211121,8439805,"R B' D2 B D R2 B2 D2 R B' D'"
14725363211213,6591631,"R B R2 D' R' D R D2 B2 R2 D'"
14725363213121,6389503,"R B R B2 D2 B' R' B' R D2 R2"
14725363223213,6720622,"R B D' R B2 D' R' B R' D2 B'"
14725363311113,8597465,"R B' D R2 B' R2 B D' R B R"
14726531223122,7484565,"R B' D2 R2 B' D B' R2 D B' R2"
14726531232122,7495481,"R B' R2 D2 B' R D' B2 R D' R2"
14726531233313,6676876,"R B D2 R' B D2 R D' B' D' B"
14726531333312,6213770,"R B R2 D' B D2 R B' D' B' D"
14726532232313,7718014,"R B2 D B D2 R2 B D' B D2 B'"
14726533323122,6531352,"R B2 R B' R B2 R2 D B D2 B'"
14735621221112,6740342,"R B R' D' B R' B' D B' D R'"
14735621223113,6221991,"R B R' B' R D' B' D R' D R'"
14735621223332,9845524,"R2 B D' B2 R' D R D' B R2 D2"
14735621233112,8287056,"R D B2 R' B R' D R B R' D2"
14735621323112,7886971,"R D R2 B' R D' B R D R' B2"
14735621332112,6110233,"R B R D2 R D2 R' B2 D B R2"
14735621333111,6517735,"R B R B2 R D2 R' D2 B D R2"
14735621333222,6108725,"R B R2 B D2 R B D' B D' B'"
14736251111132,7299593,"R B2 R D R2 B2 R' D' B2 D R'"
14736251112332,6720496,"R B R D2 B2 R B' D' B D2 R2"
14736253222223,6806714,"R B R' D' B D' B D2 R' D' B2"
14736521132222,7374817,"R B2 R D R' B R D B2 R B2"
14736521133131,7273169,"R B D B D2 R2 B2 R B2 R' D2"
14736521211212,6973144,"R B R2 B R' D B2 D B2 R D"
14736521213333,7138596,"R B2 R D R2 B' R2 D R B D'"
14736521221313,7383560,"R B2 D' R D2 R2 D' B D2 R' D2"
14736521321231,9990828,"R D' R' D2 R' D' B2 D R D2 B'"
14736521322233,6662684,"R B R' D2 B D' R' B' R2 B2 D"
14736521332121,8391265,"R D R' D2 R' B R B D2 B2 D"
14736523112222,7416181,"R B2 R D' R2 B R D2 B' D' R"
14736523113131,6990166,"R B R2 B' R D2 R' D R B2 D'"
14752363222121,6424808,"R B R2 B R2 B D' B' D R2 D"
14752363232222,8270019,"R B' R D R B' R2 B' R2 B' D2"
14752363233131,7361321,"R B2 R D2 R2 B R' B R2 B R2"
14752631111111,9129072,"R B' R' D' R D2 B' D2 B R' B"
14752631112311,7574406,"R B' R B' D2 B D2 R' D R B"
14752631323223,6715463,"R B2 R2 B' R D B' D2 R2 B' R"
14752632332132,6490189,"R B2 R2 B' D2 B R D' R2 B D'"
14752633213223,6610881,"R B2 R2 D2 B R' D' R D' B D2"
14752633222223,7048930,"R B2 R D' B2 D' R2 B D2 B' R"
14752633223123,6825174,"R B2 D2 R2 B' R B' R D2 B' D"
14752633223231,7405204,"R D R B' D R' B' D2 R2 B' D"
14753261221112,6680919,"R B R2 D R' D R2 D2 B' R' B2"
14753261323112,8291354,"R D2 R D B2 D2 B' D B2 R' B'"
14753261333111,6695453,"R B R2 D' R' D' R' B R' D2 R"
14762351221331,7679345,"R D R2 D' R' B2 D B' R B D'"
14762351321231,8242047,"R B' D' R2 B D' B' D B' R2 B'"
14762351331221,6297101,"R B2 R B' R2 D2 R' B R D2 R"
14763251221223,11806582,"R D R' D' B R D2 R2 B2 R D'"
14763251222312,10967648,"R B' R' B2 D' R B' R2 D2 R' D"
14763251332331,10354219,"R B2 R2 B' R' D B' D R' B D2"
14763251333123,9782520,"R B D2 R2 B2 D R D' B D' R'"
14763252322121,9487066,"R B R' B' R B2 D' R B' R' D"
14763253132232,9320238,"R B R B' R2 D2 R' D' B D2 R'"
14763253133132,9310969,"R B R D2 R2 B' R D' B R D2"
14763253133222,10092504,"R B2 R2 B R2 D' B D2 B2 D' B'"
14763253133231,9764786,"R B D' R D' R2 B2 R B R D2"
14763253221221,9393437,"R B R' B R' D B2 R2 D2 B R'"
14763253222112,10768773,"R B' R B' R B' D B2 D2 B' D2"
14763521113211,7418258,"R B2 R B2 D2 R B2 R' B2 R2 D'"
14763521113223,6781697,"R B R2 D' R' B' D R' B D' B2"
14763523222331,5722289,"R B R B' R D B2 D2 R' B' D"
14765231111213,7337937,"R B2 D2 R2 D' R' B R' B2 R D"
14765231111312,7652639,"R B' R D R' B2 D B2 D B' R"
14765231112131,7150033,"R B2 R2 D2 B' R B' R D2 R' D"
14765231113121,6540248,"R B R2 D' R' B R' D2 B R D"
14765231133131,6607329,"R B D B D2 R2 B2 R B2 R' D"
14765232211211,6740910,"R B R2 D' B R' D2 B D R2 D2"
14765232232322,6686061,"R B R' D R' B2 D2 R D R D'"
14765232331313,6697823,"R B2 R2 D2 R B' R2 D B R2 D2"
14765233113131,6318596,"R B R2 B' R D2 R' D R B2 D2"
14765233323332,6745195,"R B D2 B' D B' R2 D2 B' D' B2"
15236471111111,8663930,"R B' R2 B' D' B' D R2 B R' D2"
15236473231121,6038776,"R B R' D2 B' D R D' R D2 B2"
15243671331221,6783179,"R B2 R' D B2 R' B D R B' D2"
15246371331332,9348685,"R B D' B R' B2 D R' B D B2"
15246371332331,9046792,"R B R' B2 D2 B R D R' D' R"
15246372331331,8938310,"R B R2 B D B2 R D2 R2 D' B'"
15267431223113,6809187,"R B R2 D R' B R2 B2 D' R' D"
15273641112323,8461418,"R B2 R' B2 D2 R' B D R' B2 R"
15324673113311,11629283,"R2 B R' D' R' D R2 B' D B2 D'"
15342671211311,5809826,"R B R B' D2 R' B R' B' R D2"
15346271321321,6227021,"R B R' D R D2 R2 B' R' D B2"
15367421211113,8254014,"R D B' D2 B D' R B R2 D2 B2"
15367421223113,6155886,"R B D2 B D R2 B' R2 D R D2"
15367423211123,7140095,"R B D' B R B' D R' B2 R2 D"
15426371111111,7676021,"R B D R2 D R' B' D R' D2 B2"
15426371112233,6767843,"R B D2 R' D2 B D' B' R D' R2"
15463271313113,7529412,"R B R2 D R' D R2 D2 B' R' B"
15624732123212,9186061,"R B' D B' R2 B D2 R D' B2 D"
15624732133313,7654329,"R B D2 R2 B R' B D R' B2 R'"
15624732333332,7190061,"R B R' D B R2 B D' B2 R D2"
15627431223113,6159334,"R B R' D' R' D' R2 B R' D2 R"
15627431322113,8443039,"R D2 R B R2 B2 R' D B2 R' D'"
15627431332112,6277750,"R B D2 R D' R D2 R2 B' R' D2"
15634722123332,9764137,"R D' R2 B R2 B' D' B2 R2 D R'"
15634722321233,7085249,"R B D2 B R' B D' B' R2 D R'"
15637423211123,7966749,"R B R2 B' D B' D R2 D' R2 D"
15642371111111,16264770,"R2 D R' B D B2 R' D B D2 B'"
15642372213311,6973520,"R B2 R B D2 B' R' B2 D R B'"
15642372231332,7187832,"R B D' B R B2 R B' D2 R B2"
15642372331322,6692890,"R B R D2 B' R2 D R B2 R D'"
15642373212311,6836290,"R B R' B D2 R' D' R D' B2 D2"
15642373221323,7251823,"R B D B D R' D' B R2 D' B"
15642373231223,8203693,"R B' R B R B' D2 B' D2 B' D2"
15643271221331,6605278,"R B2 D2 R B2 R D' R' D' B2 D'"
15643271331221,7008398,"R B' R' B' D B2 R' B D2 B' D"
15643273223111,6210038,"R B R B2 R D' B' R' B2 D R"
15647233213232,6202459,"R B R B' R2 D2 B D' B' D R2"
15672341113232,8011705,"R B' D' B2 R D' B' R B' R2 B'"
15672341323112,6352939,"R B2 R B D2 B2 D' B R2 D' B'"
15672342323312,7308992,"R B2 R' D' R' D' B2 R B2 R' B2"
15672343213232,6206202,"R B2 R D' R2 B2 R' D R B2 R"
15672433312133,8762699,"R B D B' D B' R B' R B2 D"
15724362212132,8464992,"R B D' R' D B R' D2 B2 D R2"
15724631111111,7938590,"R B R D2 R2 D R B' D R' B'"
15724631211311,6465172,"R B D B' D R' B D2 B2 D B'"
15724631322233,7305105,"R B2 D2 R' B' D R' D2 B R' B2"
15724632123233,9136624,"R D B R' D B' D B2 D' R2 B"
15724632313223,6759977,"R B D' R' B2 D' B' R D2 B' D'"
15724632323231,7499777,"R B2 D2 R2 D R B R' B D' B2"
15724632323333,7448848,"R B2 R2 B' D' R B2 D' B R D2"
15724633132322,6263304,"R B R B2 R' D B2 R' B2 R' D2"
15734622331223,7490796,"R B R B D B' D2 R B2 R B2"
15746321111111,10001747,"R D2 R B' R B R2 D' B D B2"
15746321323211,5982087,"R B D R B2 R D R2 D2 B' D'"
15746322313112,5617972,"R B R B D2 B D R2 D2 B' D'"
15762342122213,10416859,"R B D' R B' D R2 D R' D R'"
15763241111111,8882532,"R B' R' D R2 B' D B D B' R2"
15763242323132,6362150,"R B D R2 B2 R' B' R2 B' D2 B"
16243571132132,6339637,"R B R2 D' R D' B2 D' R2 B' R2"
16243571231231,6840382,"R B' R B R' B D' R2 B R B2"
16243571321321,6556008,"R B2 D R2 D' B D' B R' D' R"
16245371231231,7091378,"R B2 D R' D' B2 R D2 R D2 R2"
16254733312223,12258239,"R D R2 B' D' R2 D' B R B2 R"
16257431132111,7215795,"R B' R' B D2 R' D R B D' R2"
16257433223123,6117201,"R B D B2 R2 B' D' B2 D' B2 D"
16273541122133,10362463,"R B' R2 D2 R D R2 D R B' R"
16273541321321,9160981,"R B' D R D' B2 R2 B R' B2 R'"
16275341312213,8630486,"R B2 D' R2 D' B D' B2 R2 D' R"
16275343122221,7071083,"R B D' B2 R D' R' D' R B2 R'"
16327453232333,6635623,"R B R2 D2 R' B2 R' B D2 B' R'"
16342571331221,7013216,"R B2 D B' D B D' B2 R2 D R"
16345271111111,15163868,"R2 D' R B' R' D R2 D B D B'"
16345271133131,6831688,"R B2 R B D' R D2 R' D2 B R2"
16345271222111,7455938,"R B' R B2 D R2 D' B D' B2 D2"
16345272322232,7204009,"R B2 D2 R2 D' B' D R' D2 R D"
16345272333212,6558347,"R B R2 D' B D' R2 B D B2 D2"
16345273122323,7996534,"R B' D B' D2 R B D2 R' B R'"
16345273233323,8580541,"R D2 R2 B' D' R B' D2 B R' B2"
16347252131312,9679290,"R D R2 B' D R B D2 B2 R' B"
16347253121312,9159286,"R B' D2 B' R B R D2 R2 D B"
16357421223113,7075366,"R B D' R' D' B D2 B' R D' B'"
16374521112323,7483039,"R B D B2 D B' D' R D' B2 R2"
16374523211123,6662614,"R B R' B' R2 D' R' D R2 B' R2"
16423572112121,7939770,"R B D2 B2 R D' B D' R B R2"
16427531211311,6372353,"R B D R2 B2 D R' B' D B2 R2"
16427531231321,7032584,"R B2 R D B2 R2 B' D' B2 D R'"
16427532333233,11585271,"R2 B D2 B2 R B' R' B D2 R D"
16453271111111,9613856,"R D R' B2 R B' R D R2 B2 D2"
16453271211113,6423585,"R B D2 B R B2 D' R2 B R B2"
16453272111131,6495420,"R B D' R B R' D R' D2 R2 B"
16475233132313,9577492,"R B2 R2 D2 B' R2 B' R' D R' B'"
16523473332323,6588103,"R B R2 B' R D B2 R' D' B D"
16523741112212,7717439,"R B R D2 R2 B' R D2 R' D2 R2"
16524731112212,8913161,"R D R2 D' B' R2 D B' R D B'"
16524731112233,7659012,"R B' R' B2 D B' D' R D' R2 D'"
16524731113133,7578629,"R B2 R B' D2 R2 D' B R D2 R"
16527341111111,7529040,"R B D R2 D B2 D R B R2 D2"
16527431123333,11175014,"R B2 R2 B' D' R B' D R' D B2"
16527431222132,11616140,"R B' R D' R B' R D2 R2 D' B2"
16527431312222,12601492,"R D R' B' D R D2 R2 B2 R B'"
16527431333213,9978140,"R B R2 D2 B2 R B R' B D' R'"
16527432113333,10124989,"R B R B' D2 R2 D B D B' R2"
16527432211322,11683295,"R B' R B R' B D2 R2 B' D R2"
16527432231122,10504253,"R B R' D' B D2 R' B R' D' B"
16527432231332,10026174,"R B R D' B2 R2 B R D B' R2"
16527432331322,10712495,"R B2 R B R D2 B R' D2 R' D"
16527432333113,10428809,"R B D2 R2 B2 D R B' R B' R'"
16527433312133,10231769,"R B R B2 R2 D' B R' B R B2"
16532471111222,8551409,"R B2 R B2 R2 D B' R' B D' R"
16534271111111,8450748,"R B' R2 D' B D B R2 B R' D"
16534271111132,6306494,"R B R B2 D' R B' R B' R2 D"
16534273211111,7923206,"R B' D2 B' D B2 D R2 B D B2"
16534723211123,10356607,"R D2 R B D2 B' D' B2 R B D"
16537421111222,6986551,"R B R2 B' R' D2 B R' B R B'"
16537421113322,7051396,"R B2 R D' B2 R D B R2 D' R2"
16537421113331,7419921,"R B D2 B D R' B2 D R D B'"
16537421223113,6157921,"R B R2 D R' B R2 B2 D' R' D2"
16537421233112,8661915,"R D2 R D R2 D2 R' B D2 R' D'"
16537421332112,6240355,"R B R2 D' R' B' R' B R' B2 R"
16542371221331,5870132,"R B R2 B D' B R' D' R2 B R'"
16542371331221,6505371,"R B2 R' D B2 R' B D R B' D'"
16542372112331,9054537,"R D' R D R2 D2 B2 R' D' R B2"
16543271221223,12394951,"R D2 R2 D R' B R' B R' B R2"
16543271223221,9231913,"R B R B2 D2 B' D R' D' B2 R"
16543271331332,10005673,"R B2 R2 B' D B' D R' B D B2"
16543271332331,10103710,"R B2 R2 B D B' R B' D B' R2"
16543272331331,9355151,"R B R2 B2 R' B D2 R B2 R2 B'"
16543273221221,9977024,"R B2 R2 B D' B R' D R' B R2"
16543721111111,7714009,"R B D R2 D R' B' D R' B2 D"
16543721113211,6323136,"R B R D' R2 B D' B' R D' R2"
16547233332323,7275136,"R B2 R2 D2 B D' R B' D2 B R'"
16547321113331,9109578,"R B2 D' R2 D B D2 R2 B' D' R2"
16572431111111,8729279,"R B' R' D B' D2 R' D B R D2"
16572433213223,6281530,"R B D' R2 B2 R D2 R D2 B R"
16573241123123,7344370,"R B' R D R2 D2 B2 R' B' R B2"
16573241312312,6609346,"R B D R2 D R' B' D' R2 B R"
16574231113133,7755718,"R B R2 D2 B2 D' B R' D' R D"
16723451122133,7779815,"R B R' D2 B2 R' D B' D' R B2"
16723451322311,6893939,"R B D' R2 B2 D' B R' D' R D2"
16725431121311,6585568,"R B R2 B' D B D2 R' B' D R'"
16725431131211,6796730,"R B D2 R' D' B R' D2 B R B'"
16725431211122,6857903,"R B R' D2 B2 D' B' D2 B R2 D'"
16725431211131,8432316,"R D B R' D2 R D' R B' D2 R'"
16725431311121,6374540,"R B R B' R2 B D' R D' B2 R'"
16725432211121,7546010,"R B2 R' D R' D R2 B' D' R D'"
16725432232223,6624879,"R B R B' R D2 R' D2 B R' D"
16725433113311,6790067,"R B D R B2 D R2 D B' D2 R2"
16725433122212,6413109,"R B R2 B' D' B2 R B' D' B2 R2"
16725433333232,6100623,"R B R2 B R' B R2 D' B D B'"
16735242122213,9178720,"R B R2 B2 D' R B' D' R D R'"
16742352232313,8176472,"R B D2 B' R2 B R' B D R' D2"
16743252323222,6689522,"R B R2 B D R' D B D R2 B'"
16745232121313,7833325,"R B2 R B' D B2 D' B2 R D' B'"
16745232122222,7281861,"R B R2 B2 R B D B' D2 B' R"
16745233121213,7192738,"R B R2 B2 R B R D' B2 D' B"
16745233333313,10421836,"R D' B2 R B R2 B' D' B2 D' B'"
16753241221112,7941845,"R B D' R B' D2 B R' B' R' D'"
17246351111111,7500184,"R B R B2 R D' B' R B' D2 R2"
17265433111313,11414737,"R D2 R B R' D R' B2 R' B R'"
17324561211323,7888964,"R D2 R B' D B R2 D' R B R2"
17324561232332,5747509,"R B R D B2 D B R2 B2 D' B'"
17326452212111,12127237,"R2 B2 R' B' R' D R2 D R2 D' R2"
17356241212313,5844612,"R B R' B' R D2 R B R' D2 R2"
17356242211331,9263745,"R2 B R2 B R2 D B D' R B' R'"
17362451211311,5739800,"R B R D2 R D' B' D R' D2 B"
17362451231321,6452481,"R B D R' D2 B D' R' D B' R2"
17362452213311,9919537,"R D' B2 D' R B2 R B2 D B D2"
17364251231231,7703219,"R B2 D' B2 D R D2 B2 R' B' R2"
17423653213232,6530733,"R B2 R' B R2 D' B R D R' D2"
17425631122112,7013441,"R B D' B' R B' R' B R' D R'"
17425631223113,6290612,"R B D B2 D B2 D' B2 R B R2"
17425631313113,6821664,"R B D R2 D R2 D' B2 R D R2"
17425631322113,8028210,"R D R2 B' R B' D R D R' D2"
17425631322332,9433512,"R2 B R D2 B R' D R2 D R' B2"
17425631323112,8120319,"R D B2 R' B D' B D B R' B2"
17425631323223,6609494,"R B D2 R' D R' D B D2 R D'"
17425631332112,6450567,"R B D' R' B R' B' R B' D R'"
17426531112233,7006985,"R B D' R2 B D' B' D' R2 D2 B"
17426531121212,7894210,"R B2 R D B2 R' B2 D R D B'"
17426531132312,7728126,"R B2 D' B R2 B2 R' B D2 R' B2"
17426531213123,8419989,"R D R' B2 R' B R D B2 D2 B"
17426531223221,6199788,"R B R B D2 R2 B2 R B2 R' B2"
17426531232233,9845826,"R D' R' B2 R' D' R2 D R B2 D'"
17426531313131,7922217,"R B2 R D B' R B D B2 R D2"
17426531331332,6505813,"R B D2 R' B' R' B2 D B' D2 B"
17426532121211,7205087,"R B R B' R2 D R' B2 D2 R B'"
17426532331331,7137681,"R B2 D R2 D R' B R2 B R B"
17435622211133,9457592,"R B2 D' B R D R2 D2 B' R D"
17435623211123,10187491,"R B2 D' R B D R2 D2 B' D B"
17436521323232,6216481,"R B R' B D2 R D' B' D' B2 D'"
17452363213232,6270420,"R B2 R' B R2 D' B R D R' D'"
17452363322132,6313731,"R B R2 D' R' D' R B2 R B R"
17452633213232,8102232,"R B D' B2 R2 B D' B2 D' B2 D2"
17453262211133,7191248,"R B R2 B' R D' B R2 B' R2 B"
17462352213311,7476354,"R B2 R B D2 B' R' B2 D R B"
17463251122112,6925770,"R B D2 R D' B R2 B2 D' R' B2"
17463251221331,5841753,"R B R2 B D B' R2 D R B D'"
17463251313113,6724492,"R B R' B' D' R' B2 D R' B2 R"
17463251321231,7262605,"R B2 R D' R2 B D R D2 B' R2"
17463251323112,8286776,"R D2 R B D2 B2 D' B D2 R' B'"
17463251331221,6204306,"R B D2 B' R' B2 D R' B R D'"
17526431131121,6967415,"R B D2 R' D' B' D R' D B' D2"
17526431231321,7339410,"R B2 R B2 D2 R D2 R' D2 R2 B'"
17526432123233,9710546,"R D B R' D B' D B2 D' R2 B'"
17543261111111,9902600,"R D B' R2 B R' B D R2 B2 D2"
17543261132111,6307447,"R B R2 B D B2 R' B2 D R B2"
17642531111111,7477282,"R B R B2 R D' B' R' D2 R2 B"
17642531112233,8976012,"R D B' D' B R2 B R B2 R2 D'"
17642533312211,6388945,"R B R D' B2 D' R' B D2 R' D2"
17643251122112,7570527,"R B R' B R' D2 R B' D' B' D'"
21345671111111,9323094,"R B' D2 R' B R' B' R D2 R B"
21345762223322,11149715,"R D2 B' R2 B R2 D' R D2 R2 D'"
21345762312323,8808428,"R B' R B' D R2 D2 B2 D B R'"
21345762313223,7920668,"R B D2 R' B R D2 B2 R D' R'"
21345763332233,8498845,"R B D2 R2 B' D' R B' D R2 D"
21346752313322,9478098,"R D R2 B2 D R' D' R' B2 R2 D'"
21347562312323,11855481,"R2 D2 R B' D B R2 D' R B R2"
21354671122112,6919836,"R B R D2 R B' R D2 R B2 D"
21354671131313,8527818,"R B' R2 D2 B R' D2 B D' R' D'"
21354671221112,7038048,"R B R2 D B2 D R' B D2 B D"
21354672311123,7797097,"R B' D2 R D2 R' D B' D2 B' D"
21354672311132,8547569,"R D R2 B2 D B' R D' R2 D R'"
21354672313211,24182834,"B2 R B' D R D2 B' R D R2 D'"
21354673131113,8482606,"R B' R2 B D B2 R' D2 B R B'"
21354761112233,7235247,"R B2 D2 R' B' R D' R2 B R' B2"
21354761112311,6751168,"R B D B' D2 R2 D B' R B2 R2"
21354761113211,7489310,"R B2 D2 R2 D B R B' R D' B2"
21354761113322,6856392,"R B2 R D2 B2 R' D R' B2 D2 R2"
21354761122211,8990074,"R D R D' R B' R B2 R' D2 B"
21354761133311,7545717,"R B2 R2 B' R B' R2 D B' R' D2"
21354762213311,6314798,"R B R' D2 R B R' D R' D B2"
21354763312211,6747436,"R B D' R B' D' R2 B' R2 B' D'"
21357462311111,9347174,"R B' R2 D2 R B D2 B R D' R"
21357463213331,8650869,"R B2 R' B R' B' R D' R2 D B2"
21357642221132,9011879,"R B2 D B2 D R B2 D' B R' B2"
21364752311111,8091158,"R B R2 D' B' R2 B' D' B2 R D"
21364753212212,7620217,"R B R D B D' B2 R B2 R B2"
21365742221312,6606053,"R B R D' B2 R B R2 B' D' B'"
21365742312323,7992190,"R D R' B R2 D R' B' D' B2 D'"
21367451311331,6852521,"R B D R2 B D2 B R' D B2 R2"
21367452112112,6730556,"R B R2 D' R B' R2 B' R2 D' R2"
21374653333121,7497595,"R B2 R D R2 D R' B' R2 D2 B'"
21375462312233,7346660,"R B R D2 R D' B' D R' D2 R'"
21375463333211,7968197,"R B' R D' R2 D' B' R' D B2 R"
21376541111123,7186855,"R B D B' R B2 R' B D' R B2"
21376541112311,6939178,"R B D B' D2 R2 D B' R' B2 R2"
21376541122211,9437094,"R D R D' R B' R B2 R' D2 B'"
21376541131133,7347816,"R B D R' D R B2 R2 D' R' B"
21457631321123,9798007,"R2 B D2 R' D R' D B D2 R D'"
21473563331312,8762419,"R B R2 D2 B D' B D' R D' B'"
21536742222131,8633645,"R B2 R D2 B' D' B R' B R' D"
21654372231323,7593291,"R B2 D R2 D' R D' B D' B' D'"
21654372233321,6932645,"R B2 R2 D2 B' D R B' D B' D2"
21654373332122,6825784,"R B2 D2 R2 B R' B R2 D' R B'"
21654373332221,6776032,"R B2 R' D' R2 B D' B2 D R' B2"
21734652123131,6654423,"R B R D R D2 R D' B R2 D2"
23147562123131,9634399,"R D R D2 R D B2 D' B' D2 R"
23147651112323,7948179,"R B D B2 R2 D B' D' R B2 D2"
23147652312323,6928434,"R B2 R B D2 R2 D' R' B2 R D'"
23156471222132,7452135,"R B2 R' D R2 B' R' D' R2 B R"
23156471333132,6314236,"R B R B2 R B R D' B2 R' B2"
23156473323332,7008461,"R B R' B2 D' R2 D R' D2 B R'"
23157461231333,7906006,"R B R' D2 B' R D R' B2 D2 R2"
23157462131123,9860955,"R D B' R B' D R' B2 R D2 B'"
23164573213133,7903941,"R B R B2 R D' R D' R B R"
23164752131312,7541834,"R B D R2 B2 D B' D B' R D'"
23164753333313,7340359,"R B R D2 R2 B' R B' R2 D2 B'"
23165471111111,7973821,"R B R' D R' B R2 B2 R D' B'"
23165471311133,7207600,"R B2 R B2 R2 D B D R' D2 R'"
23165471312132,6704447,"R B D R' D2 B R D' B R2 B"
23165472111122,7524097,"R B2 R2 B' D2 B D B' R2 D B'"
23165472111332,6434935,"R B R2 B R B2 D B2 D R2 D"
23165472132332,7404819,"R B' R B' R2 B R' D R B2 D'"
23165472311111,6890827,"R B D' R D2 R' D B R2 D2 B2"
23165473233221,8158373,"R D R' D2 R B D' B D' R B2"
23165741112323,10000060,"R B R2 D' B D R2 B2 D R' D'"
23165741231312,9100077,"R B2 D' R2 D B2 R' D R2 D2 R'"
23165742123131,9024942,"R B D B2 D2 B D R D' R2 D'"
23165742131321,11124085,"R D2 B' R2 B D2 R' D R2 D2 R'"
23165742131333,13007734,"R2 B2 D2 B' D B' R2 D' R D' R2"
23165742312323,9004038,"R B' R' B R B2 R2 D2 R B' R"
23165743331312,13043949,"R2 B2 D2 B' R B' R2 D' B D' R2"
23167541233322,7567490,"R B2 D' B2 R D' B' D R' D R'"
23167542131222,7486530,"R B2 D' B2 R D' R' B R' B D'"
23174652123131,7833075,"R B R2 B' R D2 B' R' D2 R B'"
23175463211222,8183822,"R B R' D2 B2 D B' D2 B' R2 B2"
23176452132221,7534264,"R B2 R2 B' R D' R D2 R B D2"
23176453332233,8015651,"R B D' R D' R2 D B R2 D' R"
23416752121211,10132090,"R B' R B' D' B D2 B R D' B2"
23417563232123,6692800,"R B D' B2 D B' R B' D2 R2 B2"
23456173212332,5829341,"R B R' B' D' R B2 D' B D2 B'"
23456173233122,7439178,"R B' D R D2 B2 R B D2 B2 R'"
23456713212332,6059825,"R B R2 B' R2 D B' R2 B R B'"
23475162121112,9491974,"R B R2 B R2 B' D R' B' D2 R2"
23517462131333,10215947,"R B' R B' D' B D2 B R D' B"
23576412233321,6758729,"R B D B' R' B D2 B D2 R' B2"
23576412312323,6488805,"R B R B' R' D B2 D B2 R' B2"
23657142121112,10284298,"R B' R D R2 B2 D R' D2 R D2"
23671452122333,14156712,"R2 B' R' B R' D B2 D R' D B2"
23674153232321,6126849,"R B D R' B2 R' B' R' D R2 B'"
23751461132123,5850834,"R B R' D' R B2 R B2 D' R2 D"
23751463112321,5914635,"R B R' D R D B' R2 D R B'"
23756143222331,7388523,"R B' D B D2 B' R D2 B' D2 B"
23756411222312,9140685,"R B R' B R2 B2 D' R B' D' R"
23756413222112,9554929,"R B D' R B2 R2 D' R D' B' R"
23756413223312,9163678,"R B R' D' R B' R2 D2 R D' R"
23756413322312,9595190,"R B D' B' D B' R2 D2 R B' R"
24153672321233,7501575,"R B R B2 R2 D' B R2 B' D2 B2"
24157361313212,6843328,"R B2 D B R2 B R2 D2 B D' R2"
24157362323111,6744075,"R B2 D B R2 D2 B' R2 B D' B2"
24167353132232,9912633,"R D B' R2 D R' B D B' D2 B'"
24173652323231,6242897,"R B R B' R2 D R' D' R D' B2"
24315673311311,11834558,"R2 B D' B' D' R D2 B' D R2 D'"
24315761122322,8231561,"R B' R2 B' D' B2 D' B R B2 D2"
24315762213323,7513846,"R B R' D R B2 D' R D R2 D'"
24351671212211,9427555,"R D B' R' D' B D2 R' B D2 B'"
24351673111133,9593212,"R D B' D B2 D' B D' B R D2"
24351673311311,11104946,"R2 B D2 B' R2 D R' D2 R B D'"
24351761111123,11369300,"R2 B D2 B2 R2 D' R' B R' B D2"
24351761212232,8027736,"R B D' B' R B' D2 R2 B' D' B2"
24367511323112,8390845,"R D' R2 B D' R D' R' D' B R2"
24367513111121,6275734,"R B R' D2 R B' R B' R2 D2 B2"
24376512222122,10301247,"R B' R D2 R D' R D' R2 D B2"
24516732233111,7665196,"R B D R2 D R' B' D R' B2 R'"
24531673123121,8580254,"R D B R2 B' D R2 B' D2 B D'"
24536713231232,7641164,"R B R D2 B D2 B2 D R' B2 D2"
24537613231322,9929127,"R D2 B R2 B' R B' D R' B' D"
24561372111131,7484609,"R B' D2 B R' B R B2 D' B R"
24563711121212,9517616,"R B R' B2 D' R' B2 D B D2 B2"
24563712121232,9592223,"R B R' D2 B' R' D2 B R D2 R2"
24563713121222,12299178,"R D2 R' B' R D' B D2 B D' R"
24571362221213,8868923,"R B R2 B D R' B2 R' B' R2 D"
24571631121212,8843462,"R B R' B R B2 D2 R' B2 R2 D'"
24615371112332,7102293,"R B D2 B R' B' R B' D2 R D'"
24615372213311,13458496,"R2 D R' B D R2 D B2 R2 D B"
24615731122313,9345367,"R B2 D' B2 D B2 R' B D2 B2 D'"
24615731132333,12799559,"R2 B R2 D2 B2 D' B R' D B2 D'"
24615732111323,11299281,"R D2 B' D2 B D2 R' B D2 B2 D'"
24615732213311,7712103,"R B R2 D' B R D2 B2 R B' R'"
24615732233321,9166669,"R B' R' D B R2 B2 D2 B R' D"
24615733113323,13166295,"R2 B D2 R2 B2 R' D B' D B2 D'"
24615733311122,8042050,"R B R' D2 B2 D R D R' B2 D"
24617532233321,10224351,"R2 B2 R B' R D R2 B' R B D2"
24637512311132,9581764,"R D R B2 R B R2 B' D' B2 R"
24651731113223,7480993,"R B D' B D' B D2 B2 D R D"
24651731333333,6737562,"R B R2 B D' B' D B' R2 D B'"
24715363311332,8072606,"R B R' D' B R' D2 B2 R' B' D2"
24715631111111,8510301,"R B D B2 D2 B R D' B D' B'"
24715631122121,8454442,"R B' D2 B R B2 D2 R2 B R' B'"
24715631122133,6807192,"R B R D2 B2 D' R' B' R B2 R2"
24715632313223,6171939,"R B R D' R B' R' D2 B2 R' B"
24715633112111,6073419,"R B R D' B R' D R2 D2 R B'"
24715633131131,8240094,"R B' D B2 R' B2 R B' D B R"
24716532323231,9569011,"R B' R2 B' D B R2 B R' D2 R'"
24731561111111,11893954,"R2 B R' B R2 D R' D' B' D2 B'"
24731562311231,6924458,"R B2 D R B2 D2 R' D2 R D' B2"
24736512222332,9956260,"R D B' D R' B R' B2 R D2 B'"
24751362221231,12320947,"R2 B R2 D2 B' R' B D' B R2 B"
24751362321113,14846415,"R2 D B2 R2 D' R' D R' B R2 B"
24761531221223,9638753,"R D R' D2 B R' D B R' B2 R'"
24763151111111,7943093,"R B R' B2 R D' R D' B2 D2 R2"
24765313222112,8122711,"R B D' R B' D R2 D R' D R2"
25134672233321,6702003,"R B D' R2 B R D R2 B' D B2"
25134672312323,6437079,"R B R' D2 B R D B2 R' D B2"
25134672313211,8626223,"R B' R B' D' B D2 B D R D'"
25137461111111,8670908,"R B' R B R' D2 R' D' R' B D'"
25137461211323,5970424,"R B R2 B' R D R2 D2 R B R'"
25163741112323,7898185,"R B R2 B2 D2 R' B' D R' B R2"
25314673111313,16105305,"R2 B D' B R' B R B2 D2 R2 B"
25314673111331,15388793,"R2 B R2 D2 B2 R B D' R D' B"
25314673131311,15907486,"R2 B R' D B' R D B2 R2 D2 B"
25341673113311,13289235,"R2 D R' B' D' B R2 D' B R2 B'"
25341762313223,11239774,"R2 B R' D R B2 D2 R' D2 R D"
25364172311231,12259474,"R' B R B' D2 B D' B R B2 D2"
25364173223231,5801782,"R B R D' R' D' R B D' R B2"
25367411211122,8208795,"R B D2 B2 R B' R B' R D R2"
25413672323111,12345476,"R' B R D' B2 D B' D R B2 D2"
25413763121222,8586108,"R B R B' R B R2 D' B D B2"
25436711311313,7256189,"R B2 D2 R2 B' D B' R B2 D' B"
25436712123122,6747088,"R B D2 B R B2 D B2 D B2 D"
25436712123332,7474602,"R B2 R2 B' R2 B D R' B2 D B'"
25436712132122,7394311,"R B' R D2 B' D' B D' R2 D R'"
25436712323231,6742700,"R B R' D R2 D' R B R2 D2 B2"
25436713232321,7252340,"R B' R' B' D R2 B' R2 B D' R"
25436713332122,6879726,"R B2 R' D B' D2 R2 B' D' B2 R'"
25463713212332,7621717,"R B R' B' D2 B' D' B2 R B2 R'"
25471362323132,7186450,"R B' R2 B D' B D B2 R' D R"
25471631312213,10819286,"R B' D R2 D R' D R' B' R2 D2"
25631741212121,13260725,"R2 B R' D B' D' R B2 R B D'"
25634713321232,8354642,"R B2 D R' B' D2 R D2 R B2 R2"
25641371213132,8068496,"R B D2 R2 B2 R' B D' B D2 B'"
25714632123131,8605057,"R D R2 B2 D R' D B' R2 B R'"
25714632223331,7635042,"R B' R2 D R2 D' B R' D2 R' D"
25714632313211,21338055,"B R2 B' D' B D2 R' B' D R' B2"
25714633121333,8343856,"R B' R' B D2 B R' D' B R2 B2"
25716431212223,8036556,"R B D' B D' R2 D R B2 D' R"
25716433223213,7586919,"R B2 R2 B' D B' R B2 R B D2"
25731642232211,13348391,"R2 B R' B D R' B2 R' D2 R D"
25734162221111,7571122,"R B R2 B2 R B2 D R2 D2 B R'"
25734613113323,10255962,"R D2 R B D2 B D' B' D2 R2 B'"
25736141111123,9104190,"R D R' D' B' D2 R2 B' R D' R"
25736141233232,8629519,"R D2 B D2 B' R D' R D' B' R'"
25736411133113,8227103,"R B' D B D2 R' B2 D R B2 R'"
25736411231321,7426420,"R B2 R' D' B R2 D' B' R' D B2"
25736411321312,6333176,"R B R D2 R B2 R D' R' D B2"
25736411331113,7859923,"R B' R B D2 R' D2 B R D2 R'"
25736413123112,6599419,"R B D B2 D R2 D R' B' D B2"
25741361232113,9120723,"R B' R D2 B' R D R' B D2 B2"
25741632222323,7699169,"R B2 D B2 D' R D' R B' R' D'"
25741632312323,6944963,"R B2 R2 D2 B' D B D' R B' D2"
25743611233232,7195234,"R B2 R D2 R2 B D' B' R D' B"
25763142223133,8751402,"R B' D2 B R B2 D' B R2 B' R'"
25763411332322,6641203,"R B D' R D2 R' B D' B D R2"
26135742132221,8303504,"R B' D2 B' D' B2 D' R D B2 R2"
26135742213323,7652921,"R B R' B D R2 B' D R B2 R'"
26135742332312,7914585,"R B' R2 B' R' D2 R' B D B2 R2"
26153471122121,7791269,"R B2 D' R' B2 R D2 B' D R B2"
26153473131131,7071847,"R B D2 B2 R D' B D' R B R"
26153473132121,6900382,"R B2 R' B2 R B2 D2 R' B' R2 B2"
26154372332213,15334760,"R2 B' D2 B R' D R' B2 R' B R'"
26175432331133,8463815,"R B2 R D2 B' D' R B' R B' D"
26317451212211,12278386,"R2 B2 R' D' R' D B2 D B2 D' R2"
26345711223113,5725367,"R B R2 D' R2 D' R D' R2 B2 R"
26371453112111,6742852,"R B2 R' B' D' R D2 B D' R B'"
26415731322323,6645083,"R B R B' D2 R B D2 B' D' B'"
26415732121223,6614680,"R B R2 D' B D2 B' D' R2 B2 D"
26415732233321,8199847,"R D R' B2 R' B' R' D R2 B D'"
26435712222122,12119804,"R2 B R2 D2 B2 D' R D' R B2 R'"
26435712233321,8959122,"R B' R D' B R2 B2 D2 B R D'"
26435712311132,8547533,"R B R B2 R2 B R B D' B2 D'"
26435712322322,11280528,"R D2 B' D2 B R2 D' B R2 B2 R'"
26435713311122,8440291,"R B D' B2 R2 B R B D' B2 R"
26435713333133,10265732,"R D B2 R2 D' B' R B' R B2 R"
26437512122312,7534487,"R B2 D' R2 B D' B' R D' R D'"
26453172211133,8337280,"R B' R2 B D B2 R' D R2 D' R'"
26453711333333,7504861,"R B2 R2 B R' D2 B R2 B D2 B2"
26513471122121,7950726,"R B2 R D' B2 R' B' R' D2 R' B"
26517343333313,9683181,"R B2 R2 B D2 B2 R2 B' R2 B2 D"
26534713333313,10389291,"R D' R B' R B2 D R' B' R' B2"
26543171111111,7862161,"R B R' B2 R D' R D R2 B2 D2"
26543171123111,6381092,"R B R2 B' R D' R2 B R2 B' R2"
26547313131323,10371104,"R B2 D2 B' D R' D R2 D' R2 D"
26573413331312,8568067,"R B R2 B2 R' B D2 R' B2 R B"
26714531212133,8297544,"R B R' D B' R D' R2 D R2 B'"
26714532121133,8965252,"R B2 D R2 D R D2 B' D R' B2"
26715433231322,7645567,"R B D' R B D2 B2 D' B' D2 R"
26741351232113,6628662,"R B R B2 D2 R B D2 R2 B' R'"
26743512121232,10360976,"R B' R2 D' R' D R D' B2 D B"
27134561131133,7684601,"R B R' B' D R D' R D2 R' B"
27154632311132,6905118,"R B R' D R2 D R D B R2 D2"
27314652313211,8402691,"R B' R B D B2 D B' D' R D'"
27365412321212,10005951,"R B' R D2 R D' R D' R2 D B'"
27415363131113,9686683,"R B R' B D' R' B R B D2 B2"
27415632323231,8284890,"R B D2 R' B' R2 B' D' R2 B D"
27415633321322,10220964,"R D R' D R D' B2 R D' R B'"
27416532133232,6890198,"R B D2 R' D B' R2 B' R2 D' R2"
27416533321232,8365716,"R B' D B R' B R' B2 D R D2"
27435612122222,7434485,"R B R D2 B2 R D' B D' B D'"
27453161123111,6138774,"R B R2 D B2 D R2 D2 B' D R"
27453161132111,7205876,"R B2 D' B' D' B2 R D' B2 D' B2"
27456133132223,7825298,"R B R' B' D B R2 D2 B2 D' B"
27516341111111,7561141,"R B R B2 R B2 R B R B2 D2"
27534161111111,7522055,"R B R B2 R D' B' R B' R2 D"
27534161111123,9996816,"R D' R2 D' R B2 R D2 B D R2"
27534162311111,6967107,"R B D B' R2 D B' R' B D' B2"
27534612311132,8152593,"R B D2 B' R B2 D' R' B2 R B'"
27536412332312,7543066,"R B2 R2 B' D R' D R2 D B D2"
27543611111123,8846849,"R D2 R' D2 R' D R' D2 B2 D' R"
27543611111132,6283378,"R B R' B2 D2 B R2 B D2 R B"
27546312231122,13271029,"R2 B2 R D2 R2 D B2 R' D2 R2 B"
27613543333133,9707797,"R B' R B R2 D2 B R' B2 R B2"
27614353311332,8428244,"R B D' B R' B R' B2 D2 R' D'"
27615431312333,9176423,"R D B D2 R2 B D' B R' D R'"
27615432113321,9705017,"R D R2 B2 D R2 D R B' R B2"
27615433313213,6749017,"R B R B2 R2 B D' R B' R B"
27634511131133,7571719,"R B2 R' D' B' R D2 R B2 R' B2"
27634512233321,7089145,"R B2 R B R2 D2 R' B' D2 B D'"
27643513311233,10988580,"R D2 R2 D R2 D2 B2 D B2 D2 R'"
31246753312211,9364198,"R D2 R D R2 D' B' R2 D B R"
31247651113232,6742233,"R B R2 D2 B D2 B R' D' B2 D'"
31247651323232,7957349,"R B' D2 B D' B D2 R' B2 R B2"
31256471231222,7547075,"R B R B2 D B2 D2 B R' B2 D2"
31257462222221,8987356,"R D2 R2 B2 D' R' B D' R2 D B'"
31257462312311,7441286,"R B2 R2 D2 B' D' R D' R2 D B'"
31257643311122,7821527,"R B D2 B' D B' R B2 R' D2 R"
31264572122213,7700452,"R B D' R2 D' B D B R2 B2 R"
31264573132313,7408736,"R B R B' D2 B R' D' B2 D2 R'"
31264573222223,7608899,"R B2 R D' B2 R B R2 D' B' D"
31264752132122,7662348,"R B2 R D' R B' R' B2 R' B2 D2"
31264752313121,8155473,"R B2 R B' D B' D' R2 D' B2 R2"
31265471111111,9686073,"R B' D B2 D' B R' D R2 B2 D2"
31265471122112,6807526,"R B D2 R D' B R2 B2 D' R D2"
31265471122133,7790593,"R B2 D R' B D R2 B' R D' R'"
31265471312213,6921167,"R B R2 D' B2 D B D2 B' R2 B"
31265471313113,6428007,"R B R B' D2 B D' B2 R D' R"
31265471321111,6058206,"R B R2 B D' B D B2 R' D R'"
31265472233321,9712100,"R2 B R' D2 B' D R D' R D2 B2"
31265472312233,6921249,"R B R2 D' B2 D R D2 R' D2 R"
31265741233331,9574564,"R D R D' B D' R B2 R B R"
31267542222233,8955201,"R B2 R D R' B R2 D' R D B'"
31267542313133,9710712,"R B' R D2 R' B D2 R' B2 R B2"
31275461112233,9870223,"R B' D R2 B2 D2 R B' D R' B"
31275461322233,9964840,"R B' D B2 R2 D2 B D' B D' R"
31275462133211,8318779,"R B R2 B R' D2 R D2 R' B D'"
31275462223211,8355802,"R B R2 B D' R2 D R2 D' B D'"
31275462311213,8764673,"R B D2 B D' B2 D B2 D' B D'"
31275462312212,8850927,"R B D2 B R' D2 R B2 R' B D'"
31275463311122,9520096,"R B2 D' B D R D2 R2 B' R B"
31276452133322,6860100,"R B R2 B' R D2 B2 R D' B D2"
31276452313313,8066297,"R B' D R' B R2 D R' B' D' B2"
31452671323211,5704054,"R B R D' B2 D B' D R B2 D2"
31452671332232,6048107,"R B D' B D R D' R2 B R D'"
31452672322331,6078073,"R B D' B' D B2 D B2 R' B2 R"
31456722111221,7638200,"R B D R B' D2 R2 D' B2 R' B"
31462751111111,8173853,"R B D' R2 D B' R D B2 R2 D'"
31462751113322,7026033,"R B D' B' D R2 D B R2 B2 D'"
31475261322233,7345631,"R B2 R' D2 B2 R' B D B' D2 B"
31475262331313,8793367,"R D2 R2 B2 D' B' R D' R2 D R'"
31475262333221,7312300,"R B2 R2 D2 B' D' B D' R2 D R'"
31524673332122,10369483,"R D' R' D' R B' D' B2 D' R' B"
31527643332122,6119386,"R B R' B R B' R D' B2 D2 R"
31564272212111,11711209,"R2 B D2 B2 R D' B' D B2 R B"
31564272213311,6794948,"R B D R' D R2 D' B R' D R2"
31564273113311,7420930,"R B D B' R B R2 B2 D' B' R"
31572461122133,7568445,"R B R2 D2 B R2 B R D' B R2"
31624751112233,6439860,"R B R2 D' R2 B D' B' D B' R2"
31624753312211,6313178,"R B R D R D2 B R' B D2 R2"
31627452221333,9746999,"R B' R' B R' D B2 D R' D B2"
31654272313322,10685103,"R B' R B2 R D' R B' D2 B R2"
31754621331122,9393632,"R2 B R2 B D2 R B D' B D' B'"
31765242322121,9181806,"R B' D B' D2 R B' R D R2 D"
32145671111111,12866205,"R2 B' R B' D' B D2 B D R D'"
32145671123333,7420315,"R B2 R' B R2 D' R' D' B R' B'"
32145671132222,6958597,"R B2 R' D B' R2 D2 R' B' D2 B'"
32145671221112,7460389,"R B' R D2 B R2 B' R B' D2 B2"
32145671333333,7403338,"R B2 D' B D R' B R' D2 R' D"
32145672113333,6976453,"R B D2 B' D R2 B' D' B R2 B2"
32145672212222,7067950,"R B D' R2 B2 D' R D B R2 D2"
32145673112222,6310293,"R B R' B2 D2 R D' R' D B' R"
32145673311113,7205854,"R B2 R D B' R D2 R' B2 D R2"
32146751232323,7163645,"R B2 R D B2 D2 B' D R2 B' R'"
32146752232223,8808489,"R D R2 B' R B2 R' B D' R' B'"
32147562313223,6317194,"R B R D' R D2 R' B R' D B2"
32147562333233,11315379,"R2 B R' B' D R D' R D2 R' B"
32147651123333,11044530,"R B2 R D R D2 B D' R2 D' R"
32147651132222,10071750,"R B R' B D' B2 R2 B R D B2"
32147651213333,11386357,"R B' R D R' B D2 R2 B' R D2"
32147651312222,10485068,"R B D R' D2 B2 D' R' B R2 D'"
32147652113333,10206275,"R B R B' D2 R2 D B D B' D2"
32147652231332,9893602,"R B R D' B2 R2 B R D B' D2"
32147652233213,13039591,"R D B2 R2 D2 B R B' D R' D'"
32147652331322,10733024,"R B2 R2 B' R' B R' D B' R B2"
32147652332213,12617414,"R D R2 B2 D2 R D B' D B' D'"
32147653112222,10276642,"R B D B2 D2 R' B D' R D B2"
32156471111111,8238106,"R B D' B D' B D2 B2 D R' B'"
32156471113211,6551936,"R B R' B D2 B' R B R2 D2 B2"
32156471232332,6035938,"R B R' D' R D2 R B' R D2 R'"
32156472312332,6372956,"R B D' R B' D' R2 B2 D' R B'"
32156472332132,6275248,"R B D B' R B' R D2 R' D2 B"
32156472332321,6897669,"R B2 R' D B2 D' R D2 B' D' R2"
32156472333332,7133881,"R B2 R2 D2 R' D B D2 B2 R2 B'"
32156473223123,5855707,"R B R B' R B2 R' D2 B R' D"
32156741112323,11964583,"R2 B R' B D R2 B' D R B2 R'"
32156742311123,6446975,"R B R D B2 R' B R' D' B2 D2"
32156742313223,7641418,"R B2 D' B D' R D2 R D R' D2"
32156742333131,6471557,"R B R B2 R B R' D B2 R D2"
32157641232323,7205139,"R B2 R B' D2 R D B D2 R' D2"
32157642231323,7259448,"R B D2 B R B' D2 R B D B'"
32164571111111,8967006,"R B' R D2 R' D2 B D' B' R' B"
32164571111231,6243591,"R B D B' D2 R D2 R' B R' B"
32164571232323,6426063,"R B R2 D' B R' B R B D' R2"
32164572232223,7653198,"R B' R B' D R D' B D B' D'"
32164572232313,7638232,"R B' R D' R B2 D' R' B D2 B'"
32164572233321,7454326,"R B' D2 R B D2 B R2 B D' B2"
32164572312323,7193480,"R B' R2 D B R2 B R2 B D' R2"
32164573323212,6804899,"R B2 R B' D B2 D2 R B R2 B'"
32165741111111,10769272,"R D B' D B' D B2 D2 B R' B'"
32165741111132,6939729,"R B D2 B D' B' D R' D' R2 D"
32165741233223,6670262,"R B2 R B2 D2 R' B D' B2 R2 D2"
32165742211112,8738338,"R B' D2 R D' B' R D B' R D2"
32165742331112,6426184,"R B R2 B R' D R' B' R' B R2"
32165743311131,6806287,"R B R B2 D2 R2 B R' B2 R B'"
32167451111111,9010707,"R B' R B R' D2 R' D' R' B D2"
32167451213333,7178918,"R B2 D' R' B D' R B2 D' B D'"
32167451222222,6895316,"R B D' B2 R D B2 D B2 D2 R"
32167451312222,6851277,"R B R' D2 R' B2 R D2 R D B2"
32167451333111,6625398,"R B D B2 R' B2 R B2 R2 D' B"
32167452211121,7084903,"R B D2 R2 D R2 D' B D R2 B'"
32167453222313,6114437,"R B R D B2 R B2 R B' R2 D2"
32167453313333,7071622,"R B D2 B' D' B2 R B' R' B2 D2"
32167453321232,6970868,"R B D2 B R' B D2 R' B R B'"
32174561112323,8741476,"R B2 R' D' B R2 D' B' R B' R2"
32174561232113,9113906,"R D R' D2 B R' B' R' D2 R2 B"
32174561232233,8054881,"R B' R' D2 R' D' R2 D B D2 R'"
32174562231212,7303111,"R B R' D2 R' B D R B2 R2 B"
32174652312332,6260683,"R B R2 B2 D' R D' R2 D' B2 D'"
32174652332132,6387370,"R B D B' R B' R D2 R' D2 B'"
32175461111111,9241621,"R B' R B2 R' D B' D R2 B2 D2"
32175461113112,6400643,"R B D2 B R' B R B2 D' B R'"
32175461221112,6617680,"R B R2 D R' D R2 D2 B' R D2"
32175461333111,6830842,"R B D R' B2 R D' B2 R B' R"
32175462233111,7209438,"R B D2 R' B2 R B R2 B' D2 B"
32175462312323,9583202,"R2 B R2 B' R D R2 D2 R B R'"
32416753121222,11310571,"R D R2 B' D' B2 D' B D R2 D"
32417562113321,10822153,"R B' R D' B' D B2 D R D' B"
32417652132131,6676629,"R B2 R' D B2 D B2 D2 R' D B'"
32417653132121,5799060,"R B R B2 D2 B' R' B2 R' B2 R"
32451762331121,5913399,"R B R' B' D B2 D R2 B' R2 B"
32456173212332,7589724,"R B D B D2 R B' D2 R2 B' D"
32456711233133,14347601,"R2 D B2 R2 D' B' R B' R B2 R"
32465172112121,7328774,"R B2 R2 D2 R' B R D2 R2 B2 R'"
32465172132131,6005897,"R B R B' R D' B R2 B' D2 R"
32465172133121,6288968,"R B R' D B' D' R2 B2 D' B R'"
32465172332321,7035235,"R B2 R' D R2 D' R D2 B' D' B2"
32465173123121,6595181,"R B2 R D' R2 D' B2 R B2 R' D"
32465173132121,6787050,"R B2 R2 D2 B R' B' D R' B R2"
32465173133111,7342562,"R B2 D2 R2 B' D R' D R2 B' R"
32465173233221,7857280,"R D R D' R D' B' R2 D2 B' R"
32475161232323,8017182,"R B R2 D2 B R2 B R D' B R"
32475163331222,8238462,"R B R' B2 D2 B R' B2 R' B2 R2"
32476513232231,6972245,"R B' R D' B R2 B2 D2 B' R D"
32517463131311,11315589,"R D2 R D R' D B' D2 B' D R'"
32546713323212,7627632,"R B D B D' R2 B2 R' B2 D' B"
32547611121113,7080747,"R B D2 B2 D B' D B2 D2 B R'"
32547611131112,6573293,"R B R2 B2 R D' R B2 R2 B R'"
32547611213111,6722266,"R B R' B' D2 B' R2 B R' D' R"
32547611312111,7039420,"R B D' R' D2 R' B2 R B' D' R"
32547612111311,6842895,"R B R' D' B R2 B' R B D B2"
32547613111211,6719608,"R B R D' B2 D R2 D R B' R'"
32561471113133,7728495,"R B' R B' D2 R D R2 B' R B'"
32561471121311,6929994,"R B D2 B' R B R D' B R' D2"
32561471122211,7492866,"R B2 R' B2 R D' R' B D2 R D2"
32561471131211,6994561,"R B2 R2 B R D' B' D B' D' R"
32561471211131,8864427,"R D2 R2 B' R' B R' D2 R B' D2"
32561471311121,7090531,"R B2 R2 B R' B D R' B D R"
32561472133313,6724335,"R B R' D2 B2 R' B D R B2 D2"
32561472213122,6700311,"R B R2 B' D R2 B' D' R B2 R2"
32561473222223,6344380,"R B R B' D2 B R' D' B2 D2 R2"
32561473323212,6433036,"R B R2 B' D B' D2 R2 B' R' B2"
32567412122222,7386252,"R B R2 D' R B R B2 R2 D' R"
32567412131312,9142946,"R B' D R' B2 D2 R D R' D B2"
32567412222212,11235931,"R D' R2 D' R B R B2 R2 B R"
32567413131212,7255466,"R B R2 B2 R' D' B2 R D2 R' D2"
32567413133333,8888846,"R B' D B' D2 R2 B D B' R B2"
32576142313223,7246859,"R B2 R' D R2 D' R D2 B' D' B"
32615473332122,7470697,"R D R2 B' D2 B' D R' B2 D2 B"
32647152133121,8514405,"R D2 R' D2 R' B D' B2 R2 B' R"
32647153132121,5841205,"R B R' D2 B2 D B2 D B2 R D"
32647512333233,11843869,"R2 B2 R' D' B' R D2 R B2 R' B2"
32657143121213,8921523,"R B R B' D B' D R' D B2 R"
32657412111212,8766457,"R B R D2 R B D B2 R' B R"
32671453123313,9181294,"R B2 R2 D2 B' R2 B' D' B D' B'"
32674152113333,10601307,"R D2 R2 D B2 D2 R2 D' B2 D2 R"
32714652332132,6761486,"R B R D2 R' D R2 B' R2 B D'"
32716452123212,10114363,"R B' R D' B' D B2 D R D' B2"
32741651121311,9263404,"R D2 R' B R D B' R D' R2 B"
32741651131211,7323352,"R B2 R' D R B R' D R' D2 B"
32741651211131,6819020,"R B R' D' B D2 R' D2 R' B R'"
32741651311121,7088842,"R B D' R2 D' B2 R B' D' B R'"
32741652111113,7471296,"R B2 D B' R D' R2 D R' B' R"
32741653111112,7462688,"R B2 R2 D2 B D' B R' D2 R D'"
32745611223332,6521780,"R B R2 D B2 R' D' R' B2 R' D'"
32745612313322,7592648,"R B R2 D B2 R' D' B' D2 B' R'"
32745612322331,6357640,"R B R B2 R D B' D2 B' R' D2"
32751643321232,7850749,"R B D B' R2 D2 B R' D' R D2"
32754163211123,6754899,"R B R2 D B' R2 B' R' B R2 D'"
32756141233121,8033237,"R B2 R2 B D2 B R2 D' B D2 B2"
32761452121313,7459572,"R B R' B2 D R2 D' B D' R2 D'"
32761452122222,7926945,"R B2 R' B2 D B R2 B2 R' B' D2"
32761452222212,7429289,"R B D2 R' D' R2 D B D2 B D'"
32761453121312,10395315,"R D' B2 R B D2 B' R' B2 R' B'"
32761453133333,7594465,"R B D2 B2 D R D R' B2 R' B"
32765411112221,7368516,"R B2 R' B R' B2 D2 B D' B R2"
32765411121113,6684063,"R B R2 B' R D R2 D2 B D' R2"
32765411131112,6375785,"R B R D2 B2 D B D' B2 D' R2"
32765411133113,6972130,"R B2 R' B R D' R2 B2 R B2 R"
32765411331113,6965572,"R B2 R' D R D' R2 B2 R D2 R"
32765412221312,6626386,"R B D' B' R B' D' B R2 D' R2"
32765412323222,6888758,"R B D2 B2 D' B' R2 D R D2 B'"
32765413122212,6327585,"R B R' D' B R' D' R B2 D' R2"
32765413223312,6283441,"R B2 R D R2 D2 B D' R D2 R'"
32765413231223,7469346,"R B2 D' R' B D2 B D B2 R2 B"
32765413322312,6209683,"R B2 R B D2 B2 R B' R B2 R'"
34125672131213,7137070,"R B R2 B D R2 D' R' D2 B D'"
34125672131312,7937808,"R B2 R' B2 D B D2 B2 D' R' D2"
34125672221222,7440654,"R B R2 D2 R' D' B' D B2 R' D"
34125673133333,8158103,"R B2 R' D2 B D R2 D2 R' D' R2"
34127651121113,6660173,"R B R2 B' R D' B R2 D2 B2 D"
34127651131112,6578863,"R B R B' R D' R2 B2 D R' B"
34127651213111,6762967,"R B R' B' D2 B' R2 B R' D' R'"
34127651312111,7064091,"R B D' R' D2 R' B2 R B' D' R'"
34127652111311,6637128,"R B R2 D2 R' D2 R' B D2 B' D'"
34127653111211,6689385,"R B R D' B2 D R2 D R B' R"
34162752132212,13601434,"R2 B D R' B D' R D' R D2 B"
34165271112212,8134562,"R B' D2 B' R B2 D2 R D' B2 R"
34165271121311,7523837,"R B2 D' R' D2 B D B2 D2 B' R'"
34165271131211,7045916,"R B2 R B' D R D2 B2 D B D2"
34165271211131,8655796,"R D B' D B R D' R2 D R' D2"
34165271311121,6612444,"R B R' D R D B' R2 B R' D2"
34165271311133,7277064,"R B2 R B2 R2 D' B D R' D2 R"
34165272323333,6783851,"R B R2 D2 R D2 R' B D B2 R'"
34165273133312,8505819,"R D B' R2 B' R' B2 R D' R2 D2"
34165273222322,6089699,"R B R2 B R2 D2 B R' B' D B2"
34165273311131,6685589,"R B R D2 B' D' R B' D R2 B"
34167252213323,7765694,"R B R' D' R B D2 R2 B2 D R"
34172562132332,7683087,"R B2 R D' B D' B' R2 B' R2 D2"
34172562313331,8220798,"R B2 R B' R B' D' R2 D' R2 B2"
34175263321232,7888627,"R B2 R' B D2 R' B D B D' R2"
34216572213122,10614466,"R D2 R2 D R2 D2 B2 D' R2 D2 B"
34261572132131,5965559,"R B R B' R D' B R2 B' D2 R'"
34261572133121,6261427,"R B R' B' R2 D2 B' D B R' D"
34261573123121,6400072,"R B D' R' B D' R B2 D' R' B2"
34265712212132,9955585,"R D R2 D2 R' D R2 B' R2 B R"
34275161312213,7456763,"R B R B2 R D' B' R B' R2 B'"
34275162112322,7178303,"R B D2 B' R B2 D2 R B' R D2"
34275162213221,7889918,"R B' R B' R2 B' R' D' R D2 B"
34516271111111,7716784,"R B D B' D2 B' D' R' B R2 D'"
34516272312332,8439070,"R D2 R' B2 R' B D' R2 B2 R' B"
34516722313223,9463728,"R D2 R D B2 D' B' D2 R B R"
34517622231323,7911252,"R B2 D2 R D2 R B' R' B' D2 B'"
34521672223232,7323270,"R B2 D R' B D' R2 D B' R' B"
34526713232312,6753731,"R B R2 D' R' B' R B2 R B D"
34527612211322,11131642,"R B2 R2 B' D R' B R' D B R2"
34527612231122,10837640,"R B D2 B2 D' R B2 D R2 D2 R'"
34527612231332,11887473,"R B' D R2 D2 B' D B' R' D B2"
34527612331322,10833908,"R B2 R2 B D R' D R' D R' D2"
34527613312133,11030966,"R B2 R2 B' D2 R' D B2 D2 B' R'"
34561272122123,10311742,"R B D R' B2 D2 B D B R' D2"
34561272122321,10766095,"R B2 R2 B' D' B R' D R' B R2"
34561272212213,13075342,"R D B2 R2 D2 B R D' B R' D'"
34561272213122,10697823,"R B D B' D2 R2 D R B R' D2"
34561272232211,12637483,"R D R2 B2 D2 R D R' D B' D'"
34561273221233,10220522,"R B R' D R' D2 B2 D R D R2"
34561273233131,10123269,"R B R' B' D B R2 B2 D2 B R'"
34561273311233,10605938,"R B D B' R2 D2 R' D' R B2 D'"
34561273313321,12093958,"R B' R' D2 B' R D' B2 R2 B' R"
34561273321133,11030218,"R B2 R2 B D2 R' B R2 B2 R' B'"
34561273321223,10369827,"R B D R2 D2 B' R B' R D R2"
34561721111111,8360840,"R B2 R' D' R' D B2 R D' R D'"
34562171321111,6742368,"R B2 R B R' B2 D2 R D2 R' D'"
34562171321231,6584417,"R B R B' D2 R D2 R' B R' B'"
34562172232313,8698747,"R D R2 B' R D2 R' B D' B' R'"
34567212223232,8532350,"R D R2 D' B R B2 D' R' D B"
34617252111212,9361436,"R B R D2 R B D B2 R' B R'"
34617252123212,9273475,"R B R B R2 D2 R' D' R2 B' D2"
34617252132212,9905976,"R B2 R' B' R B' D B2 D B' R"
34617522221333,8822833,"R B2 R' D B' R' B R' B2 R B2"
34621572132131,6980298,"R B D R2 D' R D2 B' R2 B D'"
34625172111212,10020775,"R B' R B2 R D' R B' D2 B R'"
34627512232313,7050678,"R B D B2 R D2 R B' R B2 D2"
34651271123111,6886125,"R B2 D' R B D R2 D R' B' D'"
34651272332132,6574681,"R B2 R' D R2 D B2 D2 R' D R'"
34675212222122,10242118,"R B' D R' B2 D B' D B D2 B"
34715262221123,10060560,"R B' D' R B' D R2 D R' D R2"
34716522223211,8949544,"R B2 D' R2 B D' B R' D B' D"
34721652121313,9597271,"R D B2 D2 B' D' B2 R B2 R' B2"
34721652131213,8693383,"R B' R B R' D' B D B' D R2"
34721652221222,9719345,"R D B2 D2 B' D' R2 B R2 B' R2"
34721652222212,9133253,"R B' D R D' R' D R B' D B2"
34721653333313,8580533,"R B' R2 B' D B D R2 D2 R B"
34725611212211,7609866,"R B2 D2 B D2 B R' D R2 D' R"
34725612111113,6555298,"R B R2 D' R' D R' D2 B D B"
34725612121322,7579194,"R B2 D' R D R' D B' D2 B' R"
34725612231212,7596408,"R B2 D2 B R D2 R D R2 D' B"
34725612231332,6662183,"R B D2 B' R D2 B' D' B D2 B2"
34725612322232,7117376,"R B2 R2 B R' D R B' R D B"
34725612331322,7031617,"R B2 R' D B2 R' D' R' D R' B'"
34725613111112,7203812,"R B2 R2 D2 B' D R' D R2 D' B"
34725613111133,6991454,"R B R2 B' D B2 D' B R D2 B2"
34725613132223,7032364,"R B2 R2 D R D2 R B' D' R2 B"
34725613311113,7012081,"R B D R B2 D2 R2 D B2 D' B"
34761252323222,6635559,"R B R B' D2 B R2 B D R' B"
35126741232212,8412492,"R B2 D2 B' R B' R2 D' B D' R2"
35126742231233,8383254,"R B2 D2 B' D B' R2 D' R D' R2"
35127462331331,8833676,"R B' R D' B2 R D' B D R2 D"
35162472122231,6693711,"R B R' D2 R' B D2 B2 D' B2 R"
35162472123233,8559312,"R B' R2 D R' D' R B D' B D2"
35162473122221,6585059,"R B D B2 R2 B' D' B' D R2 D2"
35162473323131,6701849,"R B R' D B2 R' B' R D' R2 B'"
35162473332122,7444952,"R B' R B2 R D R D' R D2 R'"
35162473332131,6638211,"R B D2 R' D' R D R2 B2 D2 R'"
35162742213323,8634318,"R B R' B D R2 B2 D' R2 D B"
35167242132212,8438615,"R B R2 B R D' B2 D' R' B2 D2"
35172461232323,8012544,"R B R2 D' B' D2 B' R' B2 D B"
35174262213131,10047213,"R B' D B2 D' R D2 B' R2 B R2"
35174262231113,8845942,"R B2 R D B' R B2 D' R D R'"
35246171111111,7471074,"R B R B2 R D' B' R B' R2 B2"
35246171113322,6492345,"R B R' B D2 B2 D B R2 B D'"
35246172213311,7233951,"R B2 R' D B2 D' R D2 B' D' R"
35267141223233,6123947,"R B D B' R' B' D R D' R D2"
35267141321132,12788112,"R' B D R' B2 R D' B R D2 B2"
35271461322233,6637892,"R B R2 D2 B2 D' B' R' B R2 D'"
35416721113112,6627364,"R B2 R D B' R2 D2 B R2 B' D'"
35416723232213,8953373,"R D R' D' B' D' R2 B D' B2 D"
35417622223133,9703033,"R D R2 D' R B' R B2 R' B2 R"
35426712131132,7426063,"R B2 R2 D B' R D' R2 D R2 B2"
35426712311312,6573430,"R B R2 B D2 B D' R' B R2 B"
35426713111313,7875881,"R B2 R B2 R2 D B' R B2 R D2"
35426713131113,7136512,"R B R B2 D' R B R' B D' B'"
35426713312211,7526306,"R B2 D' R D' R D2 R B R' D2"
35461271111231,7716929,"R B' D2 B R' D R2 B' D2 B R2"
35461271321231,6576438,"R B R2 D2 B R2 B R' D' R2 D'"
35461272222323,6826880,"R B R2 B R B' R2 D B D R'"
35462171131313,7306240,"R B R D2 B2 D' B' R2 B' D2 B2"
35462171212121,7650920,"R B D B2 R' B2 D B R2 B R'"
35462171221223,6294883,"R B R D B D' B' D B2 R' B"
35462171332331,7053719,"R B2 R' B R' B' R B D2 B D2"
35462172213311,7530868,"R B2 D' R B' D R2 D R B' D2"
35462172223331,6872160,"R B D R B2 D' R B' D' R2 D2"
35462172312131,6663439,"R B R' B2 D' B R D R2 D2 R"
35462173123211,6995554,"R B D2 B R2 B R' D' R D2 R"
35462173131311,7809486,"R B2 R D2 R2 B D' B R2 B D2"
35462173221221,7519606,"R B' R' D' B2 R B R B' D' B"
35462712322322,8390249,"R B2 R2 B R2 B' D2 R B' D2 B2"
35472163222313,6847962,"R B D2 R' B D R2 D R' B' D"
35472163231322,7586891,"R B2 R' B D2 R' B D B D' R'"
35476122221111,7778388,"R B R' D B2 R' B R' B2 D2 R"
35614722321233,8110945,"R B2 D2 R D2 R B' R' B' D2 B2"
35617423131332,7391282,"R B2 R2 D2 B' R' B D' B2 D B'"
35624712121232,10502129,"R B R2 B D2 R' D B D2 B R2"
35624712321212,12226719,"R B' D R2 D2 B' D B' R' D B"
35624712321332,10280252,"R B R' B R2 D R' B2 R' B R'"
35624712331232,10363961,"R B R' D B' R2 D B' R B D2"
35714623111322,8947379,"R B D' B2 R2 B' R' D B' D R'"
35721642221213,13758956,"R2 B D' R B' D' R D2 R D R'"
35762142222113,8276676,"R B2 D2 B' D R' D2 B' R D' B2"
36125471111333,7106318,"R B D' B D' B2 D' B D R B2"
36125471212112,10055520,"R2 B R B2 R B' D B2 D R2 B"
36125471213111,6498239,"R B R2 B2 R' D R2 B' D' B2 R"
36125471222111,10234943,"R2 B R2 D B2 D B' R D2 R B"
36125471312111,6832680,"R B D2 B2 D' B R2 D' B' D2 R"
36125472111311,6471373,"R B R2 B2 R' D' B2 R B D2 R'"
36125472121223,6204957,"R B R' B' R D' R' B R2 D' B2"
36125473111211,6957989,"R B D2 B2 D' B' D2 R D B2 R'"
36125473232222,7610041,"R B2 D' B' R D2 R B R2 D2 R"
36125473323233,7358530,"R B2 R' D B' R2 D2 R D' R B2"
36125743222331,11825696,"R2 D B' D' B' R D2 B' R B2 R'"
36127451333222,6386500,"R B R B D' B2 R' D B D B"
36145272122222,8661710,"R B' R B' D2 R2 B D R' D R2"
36145272131213,11264411,"R D' R2 D' B R B R2 B2 R B"
36145272131312,7701543,"R B D2 R' D B R B2 R2 D' B"
36145273333313,8869702,"R B' R' D R2 D2 R D' B' D R2"
36147251121311,7315323,"R B2 R2 D2 B R' D B' D2 B D"
36147251131211,7664649,"R B2 D2 R' B R B2 R2 D B D"
36147251211131,7974840,"R B' D R D2 B' D R' D R2 D'"
36147251311121,6675540,"R B R2 B' D B2 D R2 D2 B' D"
36147252111113,8527865,"R D R2 D' R B R2 D' R' D R"
36147253111112,7158791,"R B D2 B' R B R2 D' R' B R"
36152741231312,9464710,"R B' D' R D2 B' R D' B' D2 B'"
36152742131321,8349000,"R B2 R2 B D2 B' R2 D R' D2 R2"
36172452133133,10006733,"R D R2 D2 R' D B2 R' B2 R B"
36217452131333,9709078,"R B' R B' D2 R D' B R D2 R"
36217541223311,5715557,"R B R2 B' D B R2 B2 R B D'"
36217543213112,6021303,"R B D' R2 B' D R B' D R2 B2"
36241573212332,6300307,"R B R2 B2 D B' D' B R2 D B"
36241753212311,7307346,"R B' R2 B' R D2 R D2 B R B2"
36415272123212,9006362,"R B D R2 D B D R2 B' R B"
36417522123311,8090020,"R B R' B2 D' R B D' B2 R2 D2"
36514272212111,11221142,"R2 B R D' R D B2 D2 R' D' R"
36521472113321,7903632,"R B D2 R B2 D' B' R' D2 R' B'"
36521472331121,6657197,"R B D R2 B' D' R2 D' B R B2"
36527411131133,6709256,"R B R2 D2 B' D2 B D' B' R D2"
36527412111113,6610541,"R B R2 D' R' D R' D2 B D B'"
36527412131222,7762079,"R B' R' D R' B' R D2 B' D2 B"
36527412211322,7833758,"R B2 D' B' R D' R B2 D' B R'"
36527412221312,6803682,"R B D2 B' R' B2 D R' D' B2 R2"
36527412231122,6876545,"R B R2 D' R2 D R D2 B' R2 D'"
36527412322232,6986467,"R B D' B D R D' R2 D B' R2"
36527413111112,6974353,"R B D2 B' R B R2 D' R' B R'"
36527413311311,6534593,"R B R B D2 R B2 R B' D2 R2"
36541272323222,6564531,"R B R B' D2 B R2 B D R' B'"
36542712121322,10169386,"R B2 R D2 R2 D' B2 R B2 R2 D'"
36547212121313,8575384,"R B' R D2 B' D2 B R' B D2 B'"
36547212122222,9085987,"R D R2 D2 R D R B' R2 B' R"
36547212131312,9129453,"R D R2 D2 R D B R' B2 R' B"
36547212221222,8661116,"R B' R2 D2 R D R B' R2 D R"
36547213331333,7807129,"R B2 R' B D' R2 D B2 R' D R'"
36712542121112,10582870,"R B R' D2 B2 D B R D' R' B"
36712542121121,9916087,"R B R2 B R B2 D B2 D2 B' D'"
36712542121211,11666764,"R B' R B2 R2 D' R B' R' D R"
36712542122111,10453539,"R B D' R B' R2 D R' D R D2"
36714252232223,6821127,"R B R B2 D B2 D R' B R2 D2"
36714521232113,9416612,"R D B' D2 R D' B' D' B2 D2 R"
36714522121322,9360504,"R D B' D2 B' D R D R2 D2 R"
36714522122213,7586493,"R B D' B2 D' B R D R2 D2 R"
36714523132223,7716202,"R B2 R B' D2 R B D2 R' B' D"
36714523132322,7568006,"R B2 R B D' R B R B2 D B2"
36721451131331,6656444,"R B D' B D' B2 R2 D B D R'"
36721452121322,7613759,"R B2 D' B R D' B R' D2 R' B"
36721452122123,6347565,"R B R2 B' R B2 D' B' R D2 R2"
36721452122213,7608184,"R B2 D2 B R B2 R D R2 D' R"
36721452122321,7112124,"R B2 R' D R2 B' D' R' D B' R'"
36721452131111,7034692,"R B2 R2 B D' B D B' R D R"
36721452223232,6808486,"R B D2 R' D' R D' R2 B D R"
36721453113113,7398940,"R B' R D' B2 R D R2 B' R D'"
36721453121111,8988077,"R D2 R2 B' D' B R' D2 R D' B2"
36725411121212,11243495,"R B R2 B D B2 D2 B' R' D R'"
36725411131313,11276936,"R B R2 D B' R2 B' D B' D R2"
36725411212121,11311452,"R B R2 B D R' D B' R' D2 R2"
36725411313131,11359812,"R B R2 B2 R' D' R2 D' B' R B'"
36725412111212,12177847,"R B2 R D R' B R' B R2 B2 R'"
36725412121112,11252481,"R B R2 B R D' R B' R' D2 R2"
36725412121211,11587387,"R B2 R B D' R B' D R2 D2 R'"
36725412121232,11310137,"R B R2 B R B2 R2 B' D' R B'"
36725412123212,11980042,"R B2 R D B' R B' R B2 R2 B'"
36725412321212,11784013,"R B2 R B R' B R' D B2 D2 B'"
36725413111313,12978814,"R B' R2 B' D' B R' B R' D2 R2"
36725413131113,11664666,"R B D2 R B' D2 B' D R' D R2"
36725413131311,13629682,"R B' D2 B' D' B D' B R' D2 R2"
36741252122123,11396092,"R B' R B2 R2 D' R B' R' D R2"
36741252122321,10643038,"R B2 R2 B R B' R D' R B' D2"
36741252122333,10275578,"R B R2 B2 R' B R2 D B2 D2 B'"
36741252123323,10999150,"R B2 R2 B' R D' B R' D R B2"
36741253233131,10847651,"R B2 R2 B R' D B' D R' B D2"
36745211211221,6199830,"R B R2 B D' B R2 D' R B R'"
36745212121223,6468682,"R B R2 B' R' D2 B R' D' R2 B2"
36745212122312,8082433,"R B' D' B D' B' D B2 R' D2 R"
36745212122333,6869191,"R B R D' R2 B D' B2 D B2 D2"
36745212123323,7720101,"R B2 D' R' D B' R B2 D' R B'"
36745212131111,6490321,"R B R' B D B D' R2 D R' B2"
36745212223232,6818454,"R B D2 R' D' R D' R2 B D R'"
36745213121111,8370225,"R D R' B D R B' D2 B R' B2"
36745213131131,6367233,"R B R B2 D' B' R B' R B2 D"
36745213133111,6985940,"R B2 R D2 R2 B' R B R' D2 R"
36745213232213,6665448,"R B R D' R D2 R' B2 D R' D"
36751243222322,6983125,"R B D B2 D B' D' R' D2 B D"
36752142122132,7449836,"R B2 R2 D R' B D' R2 D B2 R2"
36752142123221,6978287,"R B D2 B D2 B D' B' R B2 R"
36752143132232,6207165,"R B R B D B' D' B D2 R' B"
36752143133222,7558358,"R B' R' B' R2 D B D R' D' B"
36752143211132,7050714,"R B D' B D2 R' B' D R' B2 R2"
36754123232222,12123537,"R B' D B2 D' B R' B D R' B2"
37246511112233,8544222,"R D R' D' B D2 B D R2 D2 B'"
37256142321233,8036871,"R B D' R B2 D' R B' R2 D2 B"
37415622333221,9046530,"R D2 R' D B R D' R2 B D' R'"
37426513132313,10383055,"R B R2 B' R2 B D' R2 D' B D2"
37452162323312,7467657,"R B R D B' D2 R2 D' R2 B' R"
37516422333311,7090144,"R B D R2 D2 R D' B R' D B"
37561241311112,6886245,"R B2 D' R B' D' R D2 R B D'"
37612453122233,6985282,"R B R' B2 D B' R' B' D R2 D'"
37612542221111,8197936,"R B2 D2 R B2 R B' D' R' D2 R2"
37614252221123,8922529,"R B2 R' D R' B' R B' R2 B R2"
37614521111111,9384585,"R B' D R2 D' R2 B D' R' D' R"
37614521323232,6117565,"R B D R' B2 D R2 D' R D' B"
37614522111221,6933784,"R B2 R B' R D' B' D R2 D' B"
37614522113321,7879844,"R B' R2 D2 B' D B' D2 R B' D2"
37614522313322,8212822,"R B' D2 R2 B' R B' R2 D R' D2"
37614522323312,6884349,"R B2 R B' D R' B' D R2 D' R"
37614523232213,7756351,"R B' R D' B R D' B R B' D'"
37615421113322,8663068,"R B2 R' D B' R B' D R' D2 R2"
37615422211133,8610390,"R B2 R D' R B' D R' B' D2 B2"
37615422223133,8724650,"R B2 R D' B D' R D' R' D2 R2"
37615422313121,8115258,"R B R B' D2 R' B R' B D' B'"
37615422313331,8711480,"R B D B' D2 R' D R' B D' R'"
37615423121132,9207429,"R B2 R2 B' D B2 R' D2 R D2 B'"
37624152311213,8926479,"R B2 D' B2 R D' R B' R B' D"
37624511232233,8072075,"R B' R' B2 R' B' D2 B D B2 R'"
37624512121322,9318486,"R D B' R2 B' R B D B2 D2 B"
37624512231212,7203152,"R B R' B2 R' D B D B2 D2 B"
37624513131323,7676350,"R B D R B2 D2 R2 D B2 D' B2"
37624513231313,7485215,"R B R2 B' D B2 D' B R D2 B'"
37641252222323,7934499,"R B2 D2 R B2 R B' D' R' D2 R'"
37642152213311,9321603,"R D2 R B R2 B' R' D2 B R B"
37642513122221,8020365,"R B2 R' B D' B D2 B2 R2 D' R'"
37645122312221,6769577,"R B R D2 R2 D R' B R' D R"
37651242211133,9659769,"R D R2 D' B R' B R2 B' R2 B"
37651422312311,9085545,"R D2 R' B D R D' R2 B D' B'"
37652141113232,6550726,"R B R D' B2 R D2 R' D R' B'"
37652143231322,7396636,"R B2 R D' B2 R2 B' R D R2 D"
37654212311222,8527657,"R B D' B2 R' B R D' R2 B2 D2"
41236753232321,7222710,"R B' R' B R' D2 B' D R D B2"
41237561313131,10162817,"R B2 D2 B' D B' R B2 R' D2 R"
41263751312222,10980224,"R D2 R2 D B2 D2 R2 D R2 D2 B'"
41325671212211,7377147,"R B D2 B' R2 D R' D2 R B D'"
41325762313223,6856408,"R B D2 B2 R2 D' R' B R' B D2"
41325763131233,6559927,"R B R B2 D2 R' B D' R' B2 D2"
41352671212112,10233165,"R B R' B' D B' D2 R2 D R' B"
41352671212121,10551202,"R B R' D B2 D2 R' D B' R' B"
41352671222111,10612274,"R B D' R' D B' R2 D2 R D' B"
41357622313112,5882743,"R B D B' D2 B R' B R B2 D2"
41367253111133,9666076,"R B' R2 B R2 B2 R B2 D B2 D'"
41532672313211,12990582,"R2 B' R D R' D2 R' D' B' D B2"
41532761233133,8637185,"R B D2 B2 D' R D2 B' R2 B D"
41563273113311,7742308,"R B R2 B2 D R' D' B D2 R B"
41576322212222,9534306,"R B D B' D2 B R' D B R' B2"
41625372313211,20576530,"R' D R' B D B2 R' D B D2 B'"
41625373121213,7240658,"R B R D2 R' D' R2 B D' R' D'"
41625731222231,8418879,"R B D' B' D2 B' R' D2 B R2 B'"
41635721212121,12350857,"R D2 R' D' R D' B R2 B D' B"
41657321222312,7745911,"R B R' B R' D B2 D R' D B2"
41673252212222,10064169,"R B D2 B' R2 B' R B D' R D2"
41673521111111,8201928,"R B D' R2 D B' R D' B2 R2 D2"
41723562313211,7837699,"R B R' B R2 D R' D' B' D2 B'"
41725361232113,8854820,"R B R' B2 D2 B D R D' R2 B"
41725361321213,10681643,"R D B2 R2 D' R' D R' B R2 B"
41725362221213,9142730,"R B2 D' R2 D B2 R' D B2 D2 B'"
41725362313211,9893143,"R B R2 B D2 B2 R2 B R2 B' D'"
41725362313223,9928916,"R D B2 R' B R B2 D2 R D' R'"
41725363121222,8518109,"R B D' R D' R B2 D B' R' B'"
41725363121231,8155511,"R B R2 D2 B' R' B D' B R2 B"
41725631111111,9782006,"R B' D' R' D R2 B' D2 B D' B"
41725631211122,7602781,"R B2 R' D R' D2 B2 R' D' R2 B'"
41725632322331,6650651,"R B2 R' B D2 B' R D2 B' R' B2"
41725633111133,7191245,"R B D R' D B2 D' B2 R B' R"
41725633121123,6932715,"R B2 R B' D R D2 B' R B D"
41725633211111,7932871,"R B' D B' D2 B R2 D' R D B"
41726352313322,7549484,"R B R2 D2 B R' B' R' D2 R2 B'"
41726532312233,9368467,"R B2 R2 D' B R' B2 R' B' D R'"
41735261323313,9386577,"R D' R D' R2 D' R' B' D B2 R"
41735262312233,8809958,"R B2 D' B2 D' B R' D2 B2 R' B"
41735263123223,7088841,"R B D' R2 B D' R' D' B D2 B'"
41735621233232,7353312,"R B R B' R B2 D' B2 D R B2"
41735622313322,8602901,"R B R2 D2 B D2 B R D' R D"
41736521233232,8823568,"R D2 B D2 B' R D' R D' B' R"
41736522332231,6843995,"R B D2 R2 B' R D' B D R' D'"
41752631222123,6474262,"R B R B2 R B2 R D' B' R D2"
41752632311123,7091684,"R B2 R' B' R D2 B' R' B' R D2"
41752632312323,6518853,"R B R2 D2 B D' B D' R2 D R'"
41752632313211,24440312,"B2 R B' R D R2 B' R B D2 B'"
41756231321213,10229525,"R D2 R D R2 D B' D' R2 B2 D'"
41756233121231,7983354,"R B2 R B D2 B R' D' R2 B2 D'"
41762532221333,8912691,"R B' D R2 D' B D2 R' D2 R D2"
41762533123331,8187938,"R B2 R B D' R B2 D' B R D'"
41765231233232,7272322,"R B2 D B' R' D2 B R2 B D2 B2"
41765322221312,6617888,"R B R' B R2 D' B2 D' B D' R'"
41765322313211,14266595,"R2 D2 R B' R B R2 D' B D B2"
41765323122212,6976492,"R B D' R B2 D' R2 D' B D' B'"
42136752131312,9489133,"R B D R' B D' R D' R D2 B"
42137561123333,8968692,"R B2 R2 B R2 B2 D2 B' D2 B2 R"
42137653122131,6780751,"R B2 R' D2 R' B R' D2 B2 D' R"
42137653132121,5716753,"R B R2 B R' B D' R D2 B' R"
42157633231322,9020634,"R B2 D' B2 D B D2 R2 B' R' D2"
42163751121212,10436781,"R B' R2 D' R' B R D' B2 D R"
42165373223123,5671105,"R B R2 D' R2 D' B D' R2 B2 R"
42167532131333,9742398,"R B2 D2 B' R D' R D2 R' D2 R"
42315673112111,6086678,"R B R' B2 D' B D' R' D R2 D"
42351671212211,8807494,"R B' R D B2 D' R B2 D' R2 D"
42351763231133,12901258,"R2 B D2 R2 B' D' R B' D R2 D"
42367153111121,6239943,"R B R' D2 R B' R B R2 D2 B2"
42367153211123,6847835,"R B R2 B' D B' R2 D R2 D' R2"
42516372233111,8538862,"R B2 D' R2 D' R D' B2 R2 D' B"
42561733323122,6035404,"R B R D2 B2 R B R2 D2 B' R'"
42573612323231,7500376,"R B2 R B2 R' B2 D2 R' B2 R2 D'"
42573613322231,6952832,"R B R2 D' R' D' B R' B D' R2"
42613572313211,7827553,"R B R' B2 R' D' B' R D2 B R'"
42615371313332,12557533,"R2 B D2 R2 B2 R' B D' B D2 B'"
42615372213311,10010504,"R D B2 R' B D R2 B2 D B' R'"
42615372221213,9140346,"R B2 D' B2 D R2 B' R B2 R2 B'"
42615372313211,10206811,"R B D2 B D2 B2 R2 B D2 B' D'"
42651372213311,6630901,"R B R2 B2 D2 R' D' R D' B D2"
42651733311122,8344009,"R B' R B2 D' R D R' D B2 D2"
42673512232133,9161261,"R D B R2 B R B2 R' D' B2 R"
42751632321233,8892314,"R B' D' B2 D B R2 D' R2 D R2"
42751632323231,7106589,"R B D' R2 B2 D' R' B D' R B"
43126572133313,9586321,"R B R2 B' R2 B' R D B' R D2"
43167251232212,8092345,"R B R' B R' B D' R2 B2 D' R'"
43176252123131,6742273,"R B R' B2 D R B R2 D' R D2"
43176252311132,7171203,"R B D' B2 R B D R2 B' R D2"
43216573132121,5981493,"R B R2 B2 D' B R' D2 R' D2 R'"
43216573132223,6701119,"R B R' B' R B' D B2 R' D' B2"
43216573212311,6572784,"R B R' D B2 D' R B' D' R D2"
43216573212332,9450719,"R2 B R2 B2 D B' D' B R2 D B"
43512671313332,7570052,"R B R' D R' D2 R B R2 D' B"
43527612312323,6377241,"R B D R2 B' R D' R D' R2 B"
43561271111111,7195990,"R B R D' B2 D' R' B' R B2 D'"
43571262122222,9194231,"R B R D' B D' B R' D R2 B"
43572161111111,8596351,"R B2 R' B' R' D R2 B D' B D'"
43572612312323,7544001,"R B2 R' D2 R D' B D' B2 D R"
43576211123222,8017172,"R B2 R D B2 D R' D' B2 R2 D'"
43576212112232,10067710,"R D2 R D B2 D B' D' B2 R2 D'"
43615271333312,6823194,"R B R' D R2 D R2 B' D B' R'"
43615272113321,7572342,"R B R2 B' D2 R2 B R B' R D2"
43617521223221,9941799,"R D B' D2 R D' R B D' R2 D'"
43621752213323,9977646,"R B2 R B2 R2 B R2 D R2 D2 B2"
43651722323132,7256458,"R B' R2 B R' B D R2 B' D R"
43675122222122,11359115,"R B' D' R D R B2 R2 D' B D"
43675211221331,7626793,"R B D R B D' R2 B R2 B D2"
43721653231313,8753838,"R B R2 D B R2 D' R B2 R2 D"
43751623123313,8851407,"R B R2 B' R2 D2 B D B' D B'"
43765212222122,11102838,"R D B2 D2 B' R D2 B' D2 B R"
45167323322231,7293439,"R B D' R D' B R2 B2 R B D"
45176231131313,15723934,"R2 B R' B R' B D R2 B2 D2 R"
45176231133113,15683744,"R2 B D2 R2 B2 D R B' R B' R"
45176231331113,15230486,"R2 B R2 D2 B2 R B R' B D' R"
45176233131113,16143830,"R2 B D' R B' R B R2 D2 B2 R"
45176321131133,13339648,"R2 D R' D' B' D R2 B' R D2 R'"
45213672221123,8489481,"R B' R B2 R' B D2 R' B2 R D2"
45273162222122,9848191,"R B2 D2 B' R B' R D2 R' B2 R"
45276131131133,11649743,"R2 B D' R' D' R D2 B' D B2 D'"
45312671222312,6394231,"R B R' D2 R B' D2 R D R B2"
45312672223331,7129177,"R B2 R' B' D R2 B' R' D' R D2"
45312672233321,6670615,"R B D2 R2 B D' R B' D2 B R'"
45312672313211,20951168,"B R2 B' R' D R2 B' D' B R' D2"
45312673132313,11448994,"R2 B2 R D R2 D' R2 D R' B' D2"
45312673222112,6360686,"R B R' D2 B' R2 B R' B2 D B'"
45312673231313,11298751,"R2 B2 R B D2 B' R2 B R' B' D2"
45312761113211,7330343,"R B2 R' B2 R D2 B2 R' D' B2 D2"
45312761133311,6996777,"R B R2 B2 D B' D B' D R B"
45312762221111,8578779,"R B' R' D2 R B R2 D' B2 D R2"
45312762311111,7028362,"R B R' D2 B2 R' B' R B' D B"
45321671212211,7673578,"R B D' B' D' R D2 B' D R2 D'"
45321671221121,7670142,"R B' R B R2 D2 B R D2 R2 B'"
45321673113311,12722422,"R2 B' D R B2 R' B R2 D' B2 D"
45327612222323,8193961,"R B D2 R2 B2 R' B D' B' R B"
45362712122222,9734586,"R B D' B R' D' R D2 R B R'"
45367122223133,8328972,"R B' R2 B R B2 D' B D2 B' R'"
45367211111132,7397238,"R B2 R' D' B2 R D' R2 D B' D2"
45367211211122,7829168,"R B2 D2 R2 B D' B R2 D' B D'"
45367213111133,7947419,"R B2 D2 R2 B D B' R2 D R' D"
45376121131133,12313810,"R2 B' R B D2 B' R B2 D' B2 D"
45376121331311,9013077,"R D B' R D2 R' D B' D B R2"
45376211333123,7299452,"R B' R2 D2 B D' R2 B D' B' R'"
45376213131323,11570194,"R2 B2 R D B2 D' R2 D B' R' D2"
45376213333322,6759442,"R B D R' B2 R' D R D B2 D2"
45612371133221,7678212,"R D R' B2 R B R' B D' B D2"
45612372331121,6483842,"R B2 R' B R2 B' D R2 B' R' B2"
45612373112231,6651218,"R B2 R2 B' D B D' R2 B2 D' R"
45612373132121,6350196,"R B D' B R' D' R2 B2 D' R D'"
45612373132223,6997521,"R B2 R B' D2 B' R2 D R2 D' R"
45612373322111,6141455,"R B R' B' D R2 D R' B R2 B'"
45612373332122,6547639,"R B2 R2 D2 R' B D B2 D2 R2 D'"
45612373332221,6600581,"R B2 R2 D2 B D' R' D R' B D2"
45613271331221,7491091,"R B R' B2 R' B D2 R' D2 R B'"
45613272233111,9427329,"R B2 R2 D' R D' B2 D' R' B R'"
45621373123331,8244932,"R B R' D' R2 D' R' B2 D B2 D'"
45621373211111,10287119,"R D R' B D R2 D B2 R2 D B"
45621732212123,8581731,"R B D2 R2 B2 R' D B' D B2 D'"
45621732233333,8225221,"R B R2 D2 B2 D' B R' D B2 D'"
45623712332123,6033784,"R B D' R D' B' R' D B2 R D'"
45623713322321,5781930,"R B R' B D' R' B' R B2 D R'"
45637123132121,6647303,"R B2 D' R' D' B2 R B' R2 B' D2"
45637123332122,5824557,"R B R2 D B2 D B2 D2 R' B R"
45671231132231,5915269,"R B D R' D' R' D B D' B D2"
45671233112132,6360278,"R B2 R' B2 R' D R2 B R2 B R2"
45673212212132,7651495,"R B R' D2 B2 D' R' D B' R B'"
45673213211222,7816472,"R B D2 R2 B' D B' D' B2 R2 D"
45713623223132,6294899,"R B D' B2 R' D R D' B R2 D2"
45721363321313,7318158,"R B2 R2 B D' R2 B R2 B R2 B2"
45721363322231,7064524,"R B D R2 B2 D' R D' R' D2 B2"
45732612233321,6361323,"R B R D' R2 D' R' D R2 D2 B'"
45736121122211,10341125,"R D B D2 B' D R2 B' D2 B R'"
46123571111111,7733428,"R B R' B2 R D' R D' R2 B2 D2"
46123573232123,9470838,"R D' B2 R D' R D' B' R' D R2"
46125731333123,7617351,"R B D R' D B D2 R' D R B2"
46127351131313,9559823,"R B R2 B R' D R D2 R D R'"
46127352131333,10753413,"R B' R' B D B D2 B2 R' B D"
46127353131323,11555336,"R B' R' D R D B2 D2 R' B R"
46135272133313,9023169,"R B R B' D2 B D' R B R' B2"
46153273131131,10920169,"R D' R2 B2 R' D2 B D2 B2 D B'"
46157233333232,6659623,"R B R D' B D' B2 R' D B2 R'"
46157321331233,7962341,"R B D' R' B R' D2 B2 R' D' R2"
46215372121223,7047258,"R B D' B R2 D' R2 D' R B' R'"
46215372313211,12207142,"R2 B2 R B' D R D2 B' R D R2"
46257132211133,8673641,"R B' D2 B D R2 B' D R2 D' R'"
46257313312211,13562531,"R2 D R' D B R2 B R2 D2 B D"
46273512122312,7063849,"R B D' B2 D' R' D' R B2 D' R"
46273513221212,6720212,"R B R' D2 R' D' R' B D2 R' B"
46275311123222,8244853,"R B R2 D2 B' D' R D' R D2 R"
46275312112232,10356527,"R D R2 B2 D' B' D B' R D2 R"
46275312132212,9133037,"R B2 D' B2 D B2 R' B R2 B2 R'"
46275312232133,8045506,"R B D R2 D2 R B R B' D2 B'"
46275312313211,9826656,"R B R2 B R2 B2 D2 B D2 B' D'"
46275313121222,8469795,"R B D' B D' R B2 D B' D' R'"
46275313312211,9785718,"R D R2 B' R D R2 B2 D R' B'"
46321752111131,7464206,"R B' D2 B D' R B R2 D' B R"
46352171211233,6093967,"R B D' R D R B' R2 D B D'"
46352172113231,5647776,"R B R B' D2 B D' B R B2 D2"
46372511221331,8259926,"R B2 R' B D' R' B R' D2 R D2"
46375211211332,6127609,"R B R' B' R2 D' R' D R2 B' R'"
46375212113111,6724044,"R B D2 B R' D' R D' B' D2 B"
46375212132131,6110989,"R B R D2 B2 R2 D B' R2 B D'"
46375212132221,6741973,"R B D' B R2 D' R' B D' B2 R'"
46375212332222,6587065,"R B R2 D' R' B R D2 B2 R2 D'"
46375213112111,8344994,"R D R' B D' B R2 B2 R B' D'"
46375213123121,7616631,"R B' D2 R D' R' D B D' R B2"
46375213333121,6199892,"R B R2 B D' R D' B' R' D R2"
46512371331221,8032395,"R B D' R2 B2 R D' B2 D' B2 D2"
46512372113321,8738828,"R B R2 B' D2 R2 B R B' R D"
46513272332111,6458651,"R B R2 D2 B' R B' R B R' D'"
46513273113221,6432166,"R B R D' B2 D' R B2 D B' R"
46523711331332,7687005,"R B R2 B' D B' D R' B D B2"
46527133111121,6246550,"R B R' D2 R B' R B' D2 B2 R2"
46572311223122,8201907,"R B' D B' R2 B' R' B' D R2 B"
46572312132122,6690703,"R B R2 B' D B2 R2 D R' D R2"
46721533123313,8533166,"R B R2 B' R D' B R' D R B2"
47123562232133,9324759,"R D B D2 R' B' R2 B R D2 R"
47123651233232,6908021,"R B' R D R' B D' B2 R B R2"
47126351233232,9413562,"R D R' B R D' B2 R D' B D'"
47126532133133,7889392,"R B D' R2 B2 R' B' D B' D B'"
47132562311111,7546997,"R B2 R B2 R' B2 R B2 D2 R2 D'"
47132563222331,10085642,"R2 B D' R' D R D' B R2 B' D"
47132652233321,7522656,"R B2 R' D2 R B' D B' D2 B R"
47135622132332,7056840,"R B D2 B' D B2 R2 D B' D R2"
47136252133112,9961756,"R D2 R B R2 B R' D' B2 R2 D'"
47152361233232,6230500,"R B R' D B D2 B2 D' R' D2 B"
47152631322131,8008779,"R B2 R2 B' R B' R D2 R D R2"
47156231332313,8031888,"R B' D' R D2 R D' B' D B2 D2"
47156233211132,7679811,"R B' R2 D R2 D' R B' D2 B' R"
47156233223312,6633338,"R B D' B D' R' B D2 R' B' D'"
47156233233113,7828709,"R B' R' D R2 D R' B' D B2 D2"
47156233322312,6369594,"R B R' D R' D' B R2 D' R' D'"
47156321111111,8089036,"R B D R' B R' D B2 D2 B D'"
47156321133311,8183407,"R B' R D2 R D R B' D R2 D'"
47156322132311,6942382,"R B D2 R' D' B R D2 B2 R2 D'"
47156322313232,6412012,"R B R2 B R' D' B R' B' R2 B"
47156322332132,5987041,"R B R D2 R' D R2 B' R2 B' R2"
47156322332312,6258421,"R B R' B R2 D' B' D B' D2 R'"
47156323223123,6901077,"R B2 R2 B' R' B R2 D' R B R2"
47162351322122,7017168,"R B D B2 D2 B R' D R' B D"
47163522131222,6715659,"R B R' B2 R' B' D' R D2 B' R"
47165321232113,9102964,"R B D' R2 B2 R B R D' B2 R"
47165321322131,13248534,"R2 B2 D2 B' R D' R2 B' R B' R2"
47165322132212,9125379,"R B2 D' R2 D R2 B' D R2 D2 R'"
47165322133112,10414416,"R D R2 B2 D' R' D B' R B2 R"
47165322232133,7844645,"R B R D2 R2 D B R B' R2 B'"
47165322313211,10251373,"R B D2 B R2 B2 D2 B R2 B' D'"
47216352131333,10949363,"R D B2 D2 B' R B2 D' B2 D R"
47251363131113,10622278,"R B' R2 B R' D B' R2 B' R B'"
47251632131312,9070529,"R B R' B R' D' B R2 B D R'"
47256133212311,6926272,"R B D' R' D' R2 B2 D' R B' R"
47256133321232,6836519,"R B R B' R B2 R' D R2 B' D'"
47265312122222,7357009,"R B R B2 R' D' B2 R D' R' D'"
47265312131312,7667329,"R B D B2 D' B' R2 D B' R' D'"
47265312313211,20551831,"R' D R' D B D2 R' D R B2 R'"
47321651311133,7688825,"R B R B R2 D' B2 D R2 B' D'"
47352612123131,6599653,"R B R D' R' D R2 D R2 B' D2"
47352612311132,6796785,"R B D R' D' R D2 R D2 B' D2"
47352612313211,12840115,"R2 B' R2 B' R' D' R D2 B D' B"
47512632312323,6528310,"R B R2 D2 R D' R' D2 R' D B'"
47621532232331,5989078,"R B R' D R' B' R' B D2 R D'"
47621533231121,6251398,"R B2 R B' R D R2 B' R B D2"
47632152233321,6355428,"R B R D2 B' R B' D R' D2 B"
47632153212311,7813063,"R B' D2 B' R B2 R B2 D B R2"
47632153232321,7190907,"R B' R2 D' B R B R2 B D' B"
47632513212332,10072028,"R2 B2 R' B' D' R D2 R D2 R' D2"
47652132231323,7803630,"R B R2 D2 B2 D' R D' R' D B"
47653213211231,9755731,"R2 B D2 R' D R D2 B R B' D'"
47653213232111,5710376,"R B R B D2 B R' B' R' D2 R2"
51264731113322,6609939,"R B R' D' R D2 R B D2 B2 R'"
51264732213311,6231766,"R B R B2 R2 D2 R' D' R D' B"
51267342312233,11006623,"R B' D B2 D B' R D' R' B2 D2"
51324671211122,7172254,"R B R' B' D B' R B2 D2 R' D'"
51324672212111,9267047,"R D R' B' D' B R2 D' B R2 B'"
51324673113311,10918206,"R2 B R2 B' D2 R B' D2 B R D'"
51324761111123,8076013,"R B R' D R B2 D2 R' D2 R D"
51324763113332,7783389,"R B R' B' D B D' B2 R2 B R2"
51342672212111,8842902,"R B' D R B2 R' B R2 D' B2 D"
51342763312223,15673297,"R' B R' D R B2 D' R D R2 D'"
51367241211113,6342268,"R B D' R2 D B2 R' B D B D'"
51423671221331,6716999,"R B D2 B2 R D' B2 R B R2 D2"
51426731111111,7883504,"R B D R2 D R' B' D R' B2 R2"
51426733312211,7158655,"R B2 R' B D2 B' R D2 B' R' B"
51472361131313,9533026,"R B2 R B R' B D' R2 D' B D'"
51472633331312,9049913,"R B R2 D2 B D2 B R D' R B'"
51623471321111,5742304,"R B R2 B' R B' D' B2 R B' R"
51623743313321,8447372,"R B R' D B' D' R B2 R B D'"
51624731312123,8186582,"R B2 R2 B R2 B' R2 D B' R2 B2"
51624733323113,8930632,"R B' D' B D2 R' D B' D' R2 D'"
51632741323232,6375481,"R B D' R2 B D R' D R2 D' R"
51642371122313,8583724,"R B2 D2 R' B' D R' B2 D2 R D"
51642731113322,9361873,"R D B2 D2 R' D B' R' B R2 D'"
51647231113232,6135327,"R B R2 D2 B D2 B R' D' B2 D"
51723643131311,9005152,"R B R' B D R' B2 R' D2 R D"
51724362122222,7792966,"R B D' B2 D B R2 B R' B' D"
51724363121213,7651907,"R B D' R2 D B R2 B D' B' D"
51726433123313,9086355,"R B D2 B2 D' R B2 D' R2 D B"
51732643121213,9496113,"R B D' R B' D' R D2 R D R'"
51742632323231,7502850,"R B2 R' B2 D2 R' B2 R' D' B2 D2"
51742632323333,8144193,"R B2 D' R' D2 R D2 B' R B D2"
52134761232113,7198855,"R B D' R' D R2 D B D2 B2 R'"
52147631121311,7286585,"R B2 R2 D2 B R' D B' D2 B D'"
52147631131211,7608833,"R B2 D B' D B' R2 B D' B' R"
52147631211131,6547012,"R B R B' D2 R B' R B' D B2"
52147631311121,6685911,"R B R2 B' D B2 D R2 D2 B' D'"
52147632111113,7233486,"R B2 R' B R B D' R D' R2 B"
52147633111112,9322925,"R D2 R' D B D B' D R' D2 B"
52163471112122,7568907,"R B2 R' D' R2 B2 D R B R' B2"
52163471213111,6502499,"R B R2 B' D B' D R2 B2 D2 B'"
52163471312111,6414805,"R B R B2 D2 B D B' R2 D2 B'"
52163471333123,5935684,"R B R' D B2 D' B2 R D R B'"
52163472111311,6477367,"R B R D2 B' R D' B' D2 R B"
52163472131222,6366379,"R B D2 R2 D R B2 R B R2 B'"
52163473111211,6865957,"R B D B2 R' B D' R' B2 D B"
52163473111331,6785674,"R B2 R B R2 B' D2 B D' B' R2"
52163473221323,6362098,"R B R2 B' D R2 B' R2 B D B2"
52163473323332,10917845,"R2 B2 R' D R2 B' R' D' R2 B R"
52167342121232,8997169,"R B R' D B R2 D2 B' R2 B2 D'"
52167432121313,8088949,"R B2 R' D R' B2 R B2 D' R D'"
52167432122222,9876767,"R D2 R' B2 D R D2 R2 D' B' D2"
52167432131213,8603447,"R B' D2 R B R2 B' R' D2 R' B'"
52167433133333,9548689,"R D B2 D2 B R D R' D2 R' B"
52167433331333,8194663,"R B' R B2 D' B2 D R' B D2 B'"
52174633223123,8511368,"R B' R' B' R D' R' D2 R' D' R"
52314673311311,13467148,"R2 D B' R' D' B D2 R' B D2 B'"
52314761322122,7665399,"R B2 R2 B D2 B' D2 R D' R2 D2"
52341671111111,21424939,"B R' B2 R' D' B' R D2 B R' D"
52341671122211,7834267,"R B2 D' R2 D' R D' B' R2 B R2"
52341671311313,6362435,"R B R2 B' R B2 D' R2 D R B2"
52341672211112,7908304,"R B2 D' R2 D' B D' B' D2 B R2"
52341672232313,7347514,"R B2 R D R2 D' R2 D R' B' D2"
52341672323222,8006159,"R B' R' D R' B' D R B2 R2 B"
52341672323312,10524031,"R2 B R2 D B2 D R' B D2 B D"
52341673133111,6750904,"R B D2 B' D R2 B' R2 B R B2"
52341673232213,7200942,"R B2 R B D2 B' R2 B R' B' D2"
52341673232333,6421822,"R B R B2 D' R D' B' R2 D B"
52341673323212,10337416,"R2 B R D2 R B' R D2 R B2 D"
52361472121313,9799737,"R D B2 D2 B' D' B2 R B2 R' D2"
52361472131312,8101560,"R B2 R2 D' R D' B' R D2 B' D'"
52367142211121,8279003,"R B2 R B' D2 R' B' R' B2 R' D"
52367412322232,6944523,"R B D2 B' R B2 R D2 R2 B' R"
52374161112323,7174243,"R B R D2 R D' B' D R' D2 R2"
52376413222223,7769332,"R B R' D' R B D2 R2 B2 R' B"
52463173212332,9302867,"R2 B R' B' D' R B2 D' B D2 B'"
52463713212332,9337091,"R2 B R2 B' R2 D B' R2 B R B'"
52471631223113,6994521,"R B' R2 D R' B D' R' B' R D2"
52471631323112,7170953,"R B' D2 R D' R B' R' D' R B2"
52614372313211,11605115,"R D R' B D B2 R' D B D2 B'"
52641733212311,6795657,"R B R' B' D' R2 B2 D' B D' B"
52641733232321,6917150,"R B2 R D R' D2 R B R2 B2 D'"
52673413232123,6454787,"R B R2 D' R2 D' R D R' D2 B2"
52713461232323,6368360,"R B R2 B' D2 R2 B R' B' R2 B"
52714361232113,10522557,"R D B2 D2 R' B R' B' R D2 B'"
52714633213223,6911549,"R B2 R' B' D2 R D' R2 D R' B2"
52714633223123,6920899,"R B2 D2 R2 B D R' D2 B R' B"
52731641233112,6087186,"R B R' D' B D' B D2 R2 B' D"
52731641323112,5867716,"R B R' B' R B' D B2 R2 D' B"
52736141322233,6913456,"R B R2 B2 D' B D' R' D R2 B'"
52741362313211,7973921,"R B D R2 D B2 D R' D2 B2 R'"
52741362313223,9083014,"R D B' D' B' R2 D2 B' R B' D"
52741632122333,10230835,"R B R2 B2 R D B2 D2 B' D2 R"
52741632123323,12635220,"R D R2 D2 R B D2 B2 D' B2 R"
52741632212213,10703935,"R B D2 R D' R' D2 R' D2 B D'"
52741632212231,11133701,"R B2 R' B R' B' R D R' D B'"
52741632232211,10372453,"R B R2 D R' B' R2 B' D2 R D'"
52741633221233,10214238,"R B D R2 B2 R' B' R2 D' R' D"
52741633313312,10075093,"R B R' B D B2 D B' D2 R2 B"
52741633313321,10855625,"R B D' R D' R' B R B' R B2"
52741633321223,12009866,"R B' D B' R2 B R2 B' D2 B D'"
52741633323311,10498358,"R B D' R D R2 D B' R2 D2 B"
52743611111213,6951220,"R B D B' R2 B D' B D' B2 R"
52743611111312,8585776,"R D B D' R2 D R' D B' D2 R"
52743611112131,6945492,"R B D2 B' D B R2 D' B' D R"
52743611113121,8732608,"R D B2 D' B D R2 B' R' B R"
52743612131111,6621135,"R B R2 B' R D2 R B2 R2 D' B"
52743613121111,8017962,"R B' D B R2 D' B R' B R2 B'"
52761431111213,6899368,"R B D2 B' D B2 D B2 D2 R' B'"
52761431111312,6945718,"R B D B' D2 R D' B D' B D2"
52761431112131,7226849,"R B2 R2 D2 B R' B R' D2 R B'"
52761431113121,7324665,"R B2 D R' D B' R2 B R' B' R"
52761432131111,7036104,"R B D' B2 D' B2 R D' R' B R'"
52761433121111,6757692,"R B R' B' R B2 D' B2 D' B R'"
52763143222331,10683010,"R2 B' D B D2 B' R D2 B' D2 B"
52763411222312,14175237,"R2 B R' D' R B' R2 D2 R D' R"
52763411333123,9648286,"R B D2 R2 B2 D R D' B D' R"
52763413222112,14659140,"R2 B D' B' D B' R2 D2 R B' R"
52763413223312,14619707,"R2 B D' R B2 R2 D' R D' B' R"
52763413322312,14188880,"R2 B R' B R2 B2 D' R B' D' R"
53126471231231,8633785,"R D2 B R2 B' D R' B R' B' R'"
53126471231321,6896595,"R B R' B2 D2 R' D' R D' B R"
53126471321321,7385780,"R B' R' B2 R D R2 B' R2 B D2"
53146272123233,9750818,"R D R B2 R' D R2 B' R2 B R'"
53147262123131,6784476,"R B R2 D' R2 D' B D R' B2 D2"
53162743312223,15885468,"R' B R' B D R2 B' D R B2 R'"
53274163211222,8842412,"R B2 R B2 R2 B R2 D' R2 D2 B"
53421671321111,9073889,"R2 B R D' B2 D B' D R B2 D2"
53421671321231,6048214,"R B R2 D2 B R2 B R' D' R2 D"
53426171112233,6998771,"R B R2 B2 D' R B' D' R D2 B'"
53462711113322,9119756,"R D R2 D2 B' R D' R' B D2 R'"
53467211321111,5772254,"R B R2 B' D R' B' D2 R D' R"
53476121323112,7533398,"R D R2 D2 B' D B2 D' B R2 B'"
53476121323322,7759483,"R D R2 D2 B' R B2 R' D B2 D'"
53614721212121,9622745,"R B2 R B2 R2 B' R2 D B2 D2 R'"
53621471331221,6321429,"R B R D' R2 B2 D B' R' D B2"
53642171111111,7776251,"R B R' B2 R D' R D R2 B2 D'"
53672142221213,13018096,"R2 B R B' D B' D R' D B2 R"
53714622233111,10711168,"R B' R D2 R D' R D' B' R2 D2"
53721463223312,7979460,"R B2 R B2 R2 B R2 D R2 D2 B"
53724612121112,9471494,"R B D' R B R2 D2 B' R2 B2 D'"
53726143333121,6811227,"R B R' D2 R B R2 B R' D' R"
53741621323112,6989579,"R B' R2 D R' D B' R' B' R B2"
53741621332112,7210658,"R B' D2 R D' B D' B' D' R D2"
53742612323333,8277236,"R B2 R B' R2 D' B' R' D2 R' D"
53761242121211,9393285,"R B R B2 R2 B' D2 R B D B2"
53761242221213,9950175,"R B2 R' D' R B' R D2 R D' R"
53761242321212,9322343,"R B R B2 R B R B2 D' R B'"
53762143222331,7954692,"R B D' B' D B R' B2 D2 B D2"
53762413322123,8707350,"R D R' D B2 D' R D' B D B2"
54123673233323,7586540,"R B' R D R2 B' D R' B R2 B'"
54126371331221,6427793,"R B R' B' D R D' R D2 R' D"
54127632131213,9238334,"R B' D B R' D' R B R' D R2"
54127632222212,8764883,"R B' R D R' D' R D B' D B2"
54127633131212,9233658,"R D R2 D2 R' B' D2 R D2 R' B2"
54127633133333,9677626,"R D B2 R' D B D B2 D2 R' B"
54127633333313,8994994,"R B' D2 B' D B R D2 R2 D B"
54163271133221,7125727,"R B2 D R' B R D2 B' D R D2"
54163272233111,9270348,"R D R B R' B2 D' B R D R"
54167231121113,6451446,"R B R2 B' R D' B R2 D2 B2 D'"
54167231131112,6545017,"R B R D2 B2 D B D' R2 B2 D'"
54167231221211,6982899,"R B2 R' D' B2 R2 D B D R' D2"
54167231333213,6464540,"R B R' B D R B2 D' R D2 R'"
54167232112112,6940656,"R B2 R' B' D2 R2 B R D R' D2"
54167232133313,7355518,"R B2 R2 D B D' R2 D' R' D2 R"
54167232333113,6426934,"R B R' B R2 B' R2 D B R D'"
54167233232333,8289650,"R B' D' R B2 R B D' B' R2 D"
54167233331213,7312591,"R B2 R2 D R B' D2 B' R' B2 R"
54172633132313,9046436,"R B D2 R B D2 R' B R2 B2 D"
54217362233213,14925393,"R2 B' R2 B R' D B' R2 B' R B'"
54217632132212,13347048,"R2 B R' B R' D' B R2 B D R'"
54231671123111,6926268,"R B2 D' R B D R2 D R' B' D"
54231673123121,6068499,"R B R' D R D B2 R2 B D2 R2"
54261373123121,6587455,"R B R D R2 B' R2 B R2 D' B'"
54261732231233,8145227,"R B R' D B' R D' B2 R2 D' B'"
54276132233312,7924143,"R B2 R' B R' B2 D' B R' D2 R2"
54312671131331,6811348,"R B R' B D2 B' D R' B R B2"
54312672212111,7450086,"R B R' D' R' D R2 B' D B2 D'"
54312673311311,12662311,"R2 B' R D B2 D' R B2 D' R2 D"
54317261113112,6092918,"R B D2 B' R D' R' B2 D B' R"
54317621111222,7987293,"R B D R' D2 B2 R D' R' B D2"
54321672212213,10820014,"R B D' B R' B R B2 D2 R2 B"
54321672212231,10134791,"R B R2 D2 B2 R B D' R D' B"
54321672232211,10586000,"R B R' D B' R D B2 R2 D2 B"
54321673313312,15342627,"R2 B R' B' D B' D2 R2 D R' B"
54321673313321,15767199,"R2 B R' D B2 D2 R' D B' R' B"
54321673323311,15713789,"R2 B D' R' D B' R2 D2 R D' B"
54321761211221,6611125,"R B R B' D B' D2 R' D R2 B'"
54321763113113,8940951,"R D R' B D2 B' R D' B R B2"
54326171111231,8987680,"R2 B R B' D2 B D' B R B2 D2"
54326171112233,6374551,"R B R' D2 R' D2 R D' B' D' R"
54326171321231,6480875,"R B D' R2 D' R2 D R' B' D' R"
54326711112212,8267732,"R B D' B R2 D' R B' D2 R2 B"
54327612223232,7225398,"R B2 R' B D R B' R B' D2 R"
54361272223232,7365344,"R B2 D2 R' B D R2 D2 B R D"
54362171113133,7678077,"R B R B D' B2 D R' B R' D'"
54362711111231,6140231,"R B D' B2 R D R' B D2 B' R"
54362711323112,7497248,"R D R' D' R D' B R2 D2 B' R"
54367121112212,9120447,"R B' D' R2 D B R2 D' R2 D B2"
54367121113211,7521149,"R B D' B2 R2 D' R' B R' B R"
54367121113331,10394594,"R D2 B D2 B' D R' D R' B' R'"
54367122211121,8338242,"R B2 D' B' R2 B D2 R' B R D2"
54367122311111,7531906,"R B2 R' B2 D2 R' D2 R' D' R2 D2"
54367123311113,7500797,"R B D2 B2 R B' R B' R D R"
54367211132222,10202424,"R B D B2 R2 B' R B' D' B2 R'"
54367211213333,12740326,"R D B2 D2 B D R2 D2 R' D2 B"
54367211222132,10401361,"R B R' B D' B' D B R' B D2"
54367211333213,11077318,"R B2 R' D B' R' B R B' D R'"
54367212211322,12659414,"R D R2 D2 R B R2 B2 R' D2 B"
54367212231122,10783035,"R B D2 B2 D B D2 B2 D' R2 B"
54367212233213,10367465,"R B R2 D R' D' R2 D' R2 B D'"
54367212332213,10650472,"R B D2 R D' B' R2 B' D2 R D'"
54367212333113,11172010,"R B2 R' B D' R' B R D' B R'"
54367213112222,12019292,"R B' D R' D2 R B2 R' D2 R D'"
54367213312133,11769763,"R B' R B' R2 B R2 B' R2 B R'"
54371261113331,7854435,"R B R2 B2 D B' D2 R D R2 B2"
54371621113112,9203137,"R2 B D B' D2 B R' B R B2 D2"
54371621113322,6312122,"R B R2 B' R2 D2 B D' B' D2 B"
54376121322233,7374897,"R B D2 B2 R' B R' D' B R2 D'"
54376211111132,7574324,"R B2 R2 D2 B' R B D' B D' R2"
54376211111222,6984617,"R B R B2 R' D' B2 D' B2 D B2"
54376211113133,7899850,"R B2 D B2 D' B R' D B' D' R'"
54612371112311,11209128,"R2 B R2 B2 D2 R' D' R D' B D2"
54612372222131,8268259,"R B D R B2 D B' D2 R2 B' R"
54612732112223,7809728,"R B2 R' B D' R2 B' D B' D2 B2"
54612733322213,7913752,"R B2 R' D R' B2 D' R B' D2 B2"
54621371133311,7285960,"R B D' B D2 B' D B' D R D2"
54621372211121,7972227,"R B' R D R2 B2 D R B2 R2 D'"
54637211132111,6160209,"R B R' B2 R D2 B' D B R D'"
54671232221213,8401301,"R B R2 B D R' B2 R' B' R2 D2"
54712361323313,7969865,"R B2 D2 R' D' R D' B2 R2 D B"
54712362223322,8358617,"R B2 R2 B D2 B D2 R' B R2 B2"
54716232222113,8273344,"R B D' R B' R B' R2 D2 B' R'"
54716321112323,7994213,"R B D' B2 D B' R B D2 R2 B'"
54716322313223,6602406,"R B D B2 D2 R2 D' B' R B' R"
54721631111111,25482981,"B2 R' B R' D' B R2 B R B D'"
54721631122121,7472959,"R B2 D' R D2 R' D' B R' B2 R2"
54721631311133,7087762,"R B D2 B' R D2 B' R2 B R D2"
54721632133232,6912505,"R B2 R' B' R2 D2 B R D B' D2"
54721632212222,7373113,"R B2 R2 D R D' R2 D' B' R2 B"
54721632212231,6432269,"R B R' D R B R2 D' B D2 B'"
54721633231322,6860946,"R B D B' R2 D2 R B D2 B D2"
54721633313321,7376365,"R B2 R D' R D' B' R B' R D2"
54721633333331,6480477,"R B R2 D2 R B R2 B D R2 D'"
54723612131312,9982194,"R D2 R' D2 B R D2 R2 D' R' D2"
54723612221222,8170383,"R B2 R' D B' R2 B R2 D' R D'"
54723612222212,8365895,"R B' R2 B' D' B2 D B R2 D' R'"
54723613121312,9181186,"R D B2 R' D' R2 D R B2 R D'"
54723613333313,9274229,"R D B2 R' D' B2 D B D2 B R'"
54761233322321,7144030,"R B D' B2 R2 D' B D' B' D R2"
54763212322232,6782983,"R B R' B2 R' D2 B D' B' D B'"
56123471222312,9937118,"R B D' B D' R' B D R' D B2"
56123471223221,9434634,"R B R B2 D2 B' R' B2 D' R' B"
56123471331332,12072584,"R D B2 D2 B D B2 D2 B' R2 D"
56123471333123,10370454,"R B2 R' D R' B' R B R' D R'"
56123472322121,9972919,"R B D2 B2 D B R2 B2 R' B2 D"
56123472331331,9359519,"R B R2 B2 R D R2 D2 R' B2 D"
56123473133132,11018649,"R B' R D' R2 D B2 D' B2 D R'"
56123473133231,9277022,"R B R D2 B2 D' R' B2 D' B' R"
56123473222112,9588160,"R B R' D R' D' B R B' D B2"
56123473223312,9564112,"R B R' D R D2 R B' R2 D2 B"
56123473322312,9916402,"R B D' B D R2 D B' D2 R2 B"
56124371111231,5989337,"R B R' B2 D B R' B R2 B' R"
56124371232323,8231095,"R D R' B' R D' B D2 R2 B' R"
56127433332323,7341498,"R B2 R2 D2 B D' R B' D2 B R"
56132472333332,7466570,"R B2 D2 R2 B D' R B2 D' B R'"
56132473211111,7247039,"R B D' B' D' R2 B2 D' R D' B"
56132473213211,7248246,"R B2 R D B' D2 B D B2 D2 R'"
56143273332323,9063244,"R D2 R' B D B D' B R' D2 B"
56147231222132,16080242,"R2 B D' B R2 B2 D' R D' R' D"
56147231333213,9990029,"R B R2 D2 B2 R B R' B D' R"
56147232233213,10406074,"R B R' B R' B D R2 B2 D2 R"
56147232332213,10754712,"R B D' R B' R B R2 D2 B2 R"
56147232333113,10421107,"R B D2 R2 B2 D R B' R B' R"
56147322333233,9297483,"R D R' D' B' D R2 B' R D2 R'"
56173421113112,6077203,"R B D2 B' D R' D' B2 R D' R"
56174232323333,8203291,"R B' D B R2 D2 B R B2 R2 D'"
56174321232113,10081617,"R D R2 D2 B' D R' D' B D2 R'"
56213471111111,8320254,"R B D' B2 D B2 R' D R D B'"
56213743313333,9776833,"R B R2 B' D2 R2 B R B' R B'"
56243173133111,8904823,"R B' R2 B D2 B2 D R2 B D2 B'"
56243713121333,9117405,"R B R2 D B D2 R' D B2 D2 R"
56247132333233,7497762,"R B D' R' D' R D2 B' D B2 D'"
56271433111313,10013062,"R B2 R B2 R2 B' R2 D' R2 D2 B"
56271433123313,9764148,"R B2 R2 D' B R' B' D R D' R"
56271433132313,10264875,"R B2 R2 D' R D' B' R D B' D"
56274132331133,7964901,"R B R D B2 R D' B2 R2 D' B"
56274312313211,11651841,"R D R' D B D2 R' D R B2 R'"
56321473233323,6644017,"R B R' D2 R' D R B2 D' B D"
56321742211112,9913498,"R D R D2 R' B R2 D' B2 D B'"
56324171221331,6515980,"R B R' B R2 D' B D' R2 B2 D"
56327411211332,6568747,"R B R' B' D B R2 D2 B2 R D"
56327413213112,6491540,"R B R' B2 D2 R' B R' B' R D2"
56341273121213,9502079,"R D B2 D2 B R B R' D2 R' B"
56341273131212,8523000,"R B' R2 D2 R B D R' B2 D B"
56347122333233,8524325,"R B' R B D2 B' R B2 D' B2 D"
56347211213111,6714982,"R B D R' B D R' D R2 D2 R"
56347211222132,6865853,"R B2 R B' D R' B' D R' B R2"
56347211312111,6360853,"R B R B' R2 B' D' R D B2 R'"
56347211331131,6185665,"R B R D' R2 B2 R D R2 D R2"
56347212111221,11183440,"R2 B2 R' B R2 D' B' R' D2 B D"
56347212111311,8446541,"R B' D' B R2 B R D' B' D2 R"
56347212123233,7757715,"R B2 D' R B2 R' B' R B' D2 B2"
56347212232223,7458488,"R B2 R D B2 D' R2 D B' R' D2"
56347213111211,8090921,"R B' R' B R2 B D B' D' B2 R"
56347213131332,7096506,"R B2 R2 D B R' D2 R' D' R2 D"
56423171231231,5975061,"R B R' B' D B' R2 D2 B' R' D"
56423171231321,7290010,"R B2 R2 D2 B' R D B' D B' R2"
56423171321321,6576558,"R B2 D R2 D' B D' B R' D' R'"
56423172112121,7492297,"R B2 D2 R2 B R' D B2 R' D B'"
56423173132121,6773702,"R B2 R' B' R2 D R' D2 R D' B2"
56423173133111,7422322,"R B2 D2 R2 B R D' R2 B R' B"
56432713122122,7782163,"R B2 R' D B' R2 D' R B' R2 B2"
56712341232113,6797060,"R B R' B' D R2 D R' B R2 B2"
56712343211123,7459361,"R B2 R' B R2 B' D R2 B' R' B"
56721343123331,8033800,"R B R2 B2 R' B R2 D' B2 D B"
56721432312233,9346779,"R D R B' R' D R' D' R B2 R"
56723411113313,6904561,"R B D R' D2 B2 D B R2 B R2"
56723411121113,7019212,"R B D B' R2 B' D' B D B2 R'"
56723411131112,6441831,"R B R D' R2 D' R' D B D2 R'"
56723411222312,6312082,"R B2 R B' R D' B' D R' D R2"
56723412122312,6185825,"R B R2 D2 R D B2 D R D2 R'"
56723412323222,6768634,"R B D R2 B' R B' R' B2 D R"
56723413221212,6523992,"R B D2 R2 D B R2 B R B2 R'"
56723413222112,6424154,"R B2 R D' B R' B' D B' D R2"
56723413331111,6532580,"R B R B' R2 D2 R B R2 B R2"
56732143122113,9022539,"R B' R' D R2 B' R B' R' B2 R'"
56741231121311,6798942,"R B R2 B' D B D2 R' B' D R"
56741231131211,8817355,"R D B2 D' R B D2 R' D' B R"
56741231211131,8563393,"R D B R' D2 R D' R B' D2 R"
56741231311121,6554346,"R B R B' R2 B D' R D' B2 R"
56741232111113,7501982,"R B2 D2 R' D R B2 R2 D R D"
56741233111112,7414347,"R B2 R2 D2 B D' B R' D2 R D"
56743212122222,8197916,"R B2 R2 D' B R' B' D R2 B' D'"
56743212221222,9722108,"R D B2 D2 B' D' R2 B R2 B' D2"
56743213121213,10135335,"R D B2 R' D R D B2 D2 R' B"
56743213121312,8807939,"R B' R2 B' R D B D2 B2 D B"
56743213331333,9575892,"R D R2 D2 R' B' R2 D R2 D' B2"
57123461111111,7896533,"R B R' D2 R B2 D' R D R B'"
57164322131312,7371353,"R B R' B2 R D R2 D R' B' D"
57214361323232,6120152,"R B R' D2 B D B' D R2 D' R"
57214632212213,13257226,"R2 B R' D R B' R2 B' R2 B R"
57236141113232,6678214,"R B D' B2 D' R2 D B' R' D' R"
57236141322233,6486139,"R B R' B2 R' B2 R D' R' D' R"
57236141323232,9480145,"R2 B D R' B2 R D' B R D2 B2"
57241631322113,5895583,"R B R2 B2 D' B R2 B' D R2 D'"
57241631323112,5712989,"R B R2 B2 D' R D2 R' B R2 B'"
57246131112233,7392382,"R B D2 B2 R' D R' D' R B2 D'"
57264132111323,8237828,"R B2 R2 B R2 B R2 D' R B2 R2"
57321641311112,6841887,"R B2 D' R B' D' R D2 R B D"
57321642311132,6864781,"R B R' B D B D2 R2 D B2 R2"
57364212213311,9285495,"R D B' R' D' B2 R2 D' R B' D"
57364212313211,7838732,"R B R D2 R B2 R B' R2 D2 B'"
57364213332122,6149278,"R B R2 B2 D R' D B' D B D"
57642311113322,6857947,"R B D' R D2 R2 D B D2 B R'"
61234572231323,7548330,"R B2 D R2 D' R D' B D' B' D"
61234573232213,6803802,"R B R D2 B D2 B R' B R2 D2"
61235741313131,11934586,"R B' D' B D R D2 R2 B' R B"
61257343232123,6775192,"R B D' B2 D B' R B' R2 B2 D2"
61274351313131,9052820,"R B D2 R B R2 D' B D2 B2 R"
61274532231323,7434148,"R B R2 D2 B' R D B' R B2 D"
61352472233321,6347710,"R B R' B D2 B R B R D2 B2"
61352472313211,12557596,"R2 B' R2 B' D' B' D R2 B R' D"
61452731311313,9294868,"R B' R' D' R D' R' B2 R' D' B"
61453721111111,8132951,"R B D' R2 D B' R D B2 R2 D2"
61453721311112,6560267,"R B D2 B' D B' D2 R D2 R' B2"
61453723111121,6477203,"R B D B2 R2 D B R2 D2 B' D'"
61472532123332,7252335,"R B D R' D R' B D2 B' D2 R'"
61472533112111,6143431,"R B R B2 D2 R B' R' D R2 B2"
61527431111111,8500794,"R B' R B D2 R' D R' B D' R2"
61534272311132,8461134,"R B2 R' B2 R D' B R' B2 R B"
61534721112311,7308704,"R B2 R' D2 R' D B' D2 R2 D' B"
61534721113211,6890908,"R B D2 B R' B R' B D2 R' B"
61543271111111,8921500,"R B' D2 R' B D R B2 R B' D"
61543271112311,7550926,"R B' R2 B' D B2 D B2 R D B2"
61572432312323,6909567,"R B R2 B' D B2 R' B' D2 B R'"
61734523222331,9407158,"R2 B R B' R D B2 D2 R' B' D"
62134572321323,9004127,"R B' R D R' B2 D2 B D' R2 D'"
62135471122121,7393205,"R B2 R2 B' D' B R2 D' B D B2"
62135472132131,6374658,"R B D R2 D' R' D2 B D2 B' D2"
62135473122131,6161292,"R B R B' D2 R2 D R' D R2 D2"
62135473123121,8049046,"R D R B' D B' D R2 D' B2 R"
62135473131131,7386401,"R B2 R2 B' D B' R2 D R' D' B2"
62135473132121,7226967,"R B2 D2 R2 D B D B' R B' R2"
62135473232231,6803204,"R B2 R D2 B2 R' B D' R2 B2 D2"
62135473322321,7253340,"R B2 D2 R' D' B R' D2 B D' R2"
62135743222331,7518881,"R B R' B' R D' R2 B2 D' B' R2"
62135743312223,12562069,"R2 B R2 B2 D2 R' B' D R' B R2"
62147353123121,6925354,"R B2 D' R' B' D2 R B' D2 B' R2"
62147353132121,5855186,"R B R B2 D' R B' D B' R' D2"
62154733321121,6182626,"R B D' R' D B2 D R2 B' R2 B"
62157342132212,8789409,"R B R2 B R D' B2 D' R' B2 D"
62173543232132,6816641,"R B2 D R B2 R B2 D2 R B' D2"
62174351122133,9512856,"R B R2 D2 B R2 B R D' B D'"
62174533311212,8595290,"R B D' R2 B' R B D' R2 B2 D2"
62317453112111,6016769,"R B D B2 D B' D' R D' R2 B"
62317453312211,9687944,"R D' R2 D' B R2 B D2 R B D2"
62351743112123,11121672,"R2 D R' B R2 D R' B' D' B2 D'"
62371453311311,8342922,"R B D' B' D R B' D R2 D' R"
62374511322311,5886229,"R B R' B2 D' B D R' D B2 R2"
62374513112321,6928344,"R B' R2 B' R' D' R D2 B D' B2"
62374513312112,5624073,"R B R B2 D R' D B2 D B' D2"
62435172211133,10126256,"R D R' D2 B2 D R B D' R2 B"
62435172311132,10869722,"R D B R2 B2 R D R D' B2 D'"
62435711222222,6806248,"R B R' D R' B R2 B2 R D R"
62453713311122,8586093,"R B' D B2 R' B D B' R B2 R2"
62471532232133,7103710,"R B R B2 R B D2 B' R' B2 D"
62475131322323,6854407,"R B R' D B2 R' B2 R' D B' D'"
62531472321233,7554203,"R B D' B D R2 D2 B' D' R D2"
62543711211113,7402039,"R B2 D' B' R' D2 B D' R2 D' R2"
62543711311112,6249533,"R B R D2 B' R B' R D' R' B2"
62571432321233,9261728,"R B' D' B2 D B' R2 D B2 D' R2"
62735143223213,8304922,"R B' D2 B' R' B2 R' B D R2 B2"
63125741112323,12545793,"R2 B R' B D R2 B2 D' R2 D B"
63125743131233,6667263,"R B R' B D' R B2 R2 B R B"
63125743133312,7064214,"R B D2 B D' R' B D' R2 B R'"
63142571111111,7705863,"R B R' D' B R2 B R B' R2 B2"
63142571132321,10721374,"R2 B' D2 R B D2 B R2 B D' B2"
63142573112123,10419556,"R2 B' R2 D B R2 B R2 B D' R2"
63172452312323,6214479,"R B R B R D2 R B' R D2 B2"
63172452313211,12776186,"R2 B' R B R' D2 R' D' R' B D2"
63174522332132,6786743,"R B R2 D' R2 D B2 R' D R B'"
63247511123132,6366158,"R B D' B D' B' D' R B2 D B'"
63251743133231,9604424,"R D R' B2 D R' D R D' B2 D'"
63452711311313,7378143,"R B2 D2 R2 B R B' R2 D B' R"
63452712333221,6959238,"R B2 R B D' B2 D B D2 B2 R'"
63471522123131,7835389,"R B' R' B' R D2 R' D2 R' D R"
63471522323132,8590410,"R D2 B' R B' R' B D2 B D B"
63471522332132,7016836,"R B' R' D' B R2 B' D2 B' D R"
63472512123332,7721160,"R B R B2 R' D B2 R' B2 R B'"
63512743313333,9983522,"R B D' B R B2 D2 R' D2 R2 B'"
63541271212211,11770187,"R2 B D B' R B R2 B2 D' B' R"
63542713121333,10952867,"R B' R B2 R D' R B' R' D2 B2"
63574212123131,6731786,"R B R2 D2 R B' D' R2 D' R D'"
63574212313211,10895553,"R D' R B R B2 R D' B' R B'"
63712542221111,7254339,"R B R' B D B2 D2 R' B' R D2"
63714252123131,8453401,"R B2 R' B2 R B' R D' B2 D B"
63714521112323,8197967,"R B D2 R' D' R' B R' B R' B2"
63714522332132,6205217,"R B R D2 R' D R2 B' R2 B D2"
63721541233322,7063319,"R B D' R2 D' R' D' B D2 R' D"
63724153121213,9773227,"R D B R2 D2 B D' R D' R D'"
63725141112323,12064534,"R D R2 B' R B R2 D2 B R' D'"
63725141233121,8180108,"R B R' B D' B D2 R B' D' B'"
63725142123131,11047324,"R D B D2 B2 D B R D' R2 D'"
63725142223133,9996441,"R D R' B2 D2 B R B R' D2 B"
63725143122113,9188466,"R B2 D' R2 D R2 B' D B2 D2 B'"
63725143123313,12913142,"R2 B2 D2 B' D R' D2 B' R D' B2"
63741252222323,7660145,"R B2 D B2 D' R D' R B' R' D"
63741522123131,7906159,"R B R D2 R B R2 B' R' D2 B"
63742511232221,7829429,"R B R2 D2 B' D B' R' D2 B2 R"
63745123122212,6695317,"R B R2 D' B R2 B' D' R2 B2 D"
63751242221321,9355206,"R B' D B R' B2 D2 B D' B2 D'"
63751423122311,8252701,"R B D' R B' R B' D2 B D2 R'"
63752141111111,10028829,"R D R' D B' D R2 D2 R D' R'"
63752141122211,8442466,"R B' R2 D R' B' R B R' B D2"
63752141123213,6608276,"R B R' B2 R' D B2 D2 B' D2 R"
63752142332132,6103617,"R B R D2 R' D' R2 B D2 B' D2"
63752143123223,6396019,"R B D R2 B2 R' B' R' D R2 D2"
63752143212323,6263475,"R B R B2 R2 B D R' D B' R'"
63752143223123,7352974,"R B' R2 B D B2 R2 D2 B D' R'"
63752411223212,6424602,"R B R D' B2 D' B D R D2 R2"
63752411333213,10820510,"R2 B2 R' B R D' R2 B2 R B2 R"
63752412312323,8373528,"R D B2 R2 D B' R B' R2 B D'"
63752412322112,6723970,"R B D B' D2 B' R D R D2 R2"
63752412333113,10793741,"R2 B2 R' D R D' R2 B2 R D2 R"
63754213122122,7032081,"R B R' B D' B2 D B D2 R' D"
64125371131313,11049691,"R B' D2 B R' D R' B2 R' B R'"
64157321133212,14662690,"R2 D R2 B2 D' R' D B' R B2 R"
64231572311132,8071349,"R B D R2 B' R' D2 R B R2 B"
64257131113223,7160492,"R B D B2 R2 D' B R' B' D2 R2"
64271533221212,7612458,"R B2 D' R2 B D' R' B D' R D'"
64275131212223,8591423,"R B D2 R2 B' R' D B' D R2 D"
64275131312123,8299127,"R B R' D R' D B2 R D' R' D'"
64275132211133,10261575,"R D B' D2 R2 D B R B' R2 D"
64275132232133,9932381,"R D R B2 R2 B D R B' D2 B'"
64275133231112,9401108,"R B2 D' B2 D R2 B' R D2 R2 D'"
64275133312211,7907767,"R B D2 R' B D B2 R2 D R' B'"
64275311112332,7580264,"R B2 R2 B R' B2 D R2 D B2 D2"
64275311222222,6568484,"R B R D2 B2 R' B D' B' R2 D2"
64275313312211,7005031,"R B D2 B2 R2 D' B' R B' R D2"
64321572111131,8416765,"R D2 B' R B R D2 R D' B' D"
64321572132131,6994244,"R B' R2 B R D2 B2 R B D R2"
64321572311132,7839995,"R B' R2 B D R2 B2 D R B R2"
64325713121222,13981574,"R2 B D' B R' D' R D2 R B R'"
64351272132131,7023017,"R B D2 R' D2 R B2 D' B D B'"
64357212313211,8055667,"R B D B2 D R2 D B' R2 D2 B'"
64357213231322,9746119,"R D2 B R2 B' R B' D R' B' D'"
64357213312211,8905992,"R D R' B' D' B2 R2 D' B R' D"
64531271212211,11384096,"R2 B R2 B2 D R' D' B D2 R B"
64531272132131,6412738,"R B D R2 D' R D2 B' R2 B D2"
64531273122131,6283612,"R B R B' D2 R2 D R' D' R2 D2"
64531273123121,8235794,"R D R B' D B' D R2 D' B2 R'"
64531273311311,6889560,"R B R D' R D B2 D2 R' D' R"
64531273312211,6407704,"R B R B' R D2 R' D R' D R2"
64572131122223,6982772,"R B R' D2 B D' B' R' D B2 D'"
64713253112111,5995409,"R B D R' B2 D' R B' D' R B2"
65123471112311,6772789,"R B R' D' R' D2 B2 R' B R' B"
65123471233232,5874357,"R B R' B D R2 D R' D' B' D2"
65123472312311,7039012,"R B2 R B R' D2 R B D2 B2 R'"
65132471212112,7318945,"R B D' R D' R' B R2 D' B' R'"
65132471222111,7075810,"R B R' B D' B' D B2 R' D' R'"
65132471231321,8142607,"R B' D2 R D2 R' B R' D2 R' B"
65132471323121,7842070,"R B' D' B D2 B R' B' R D2 R2"
65132472131231,6377035,"R B R B' D2 B' D B R D2 R2"
65132472212231,10558611,"R2 B2 R B R2 B' D2 B D' B' R2"
65132472233321,8352944,"R D B2 R2 D R' B R' B2 R D'"
65132473111331,8143435,"R B' R2 B R B2 D' B2 R B R'"
65132473313312,6622496,"R B R B2 R B' D B2 D R2 B"
65132473323311,6775261,"R B R2 D B2 D B' R D2 R B"
65132741223323,6599852,"R B R' D' R B' D B2 R2 D' B'"
65132743222331,8268417,"R D B' D' B' R D2 B' R B2 R'"
65134721233232,7454060,"R B2 D' R2 D R B2 D2 R' B' R2"
65147321232113,9539527,"R B' D R2 B' R B D' R D2 R2"
65172431132333,8065353,"R B2 R B R2 B D' R' B2 D2 R'"
65174232123131,7017015,"R B R2 D2 B R' B D' B2 D B'"
65174232133313,6966915,"R B R B' D2 R' B D R B2 R2"
65174232323312,7737574,"R B2 R' B D2 R' B' D' B2 R D"
65174233323212,7690298,"R B2 R' D B2 R' B' D' R2 B D"
65174233331213,7321059,"R B D R' B2 D' R D R B2 R2"
65174322313211,7514780,"R B R B2 R B2 R B' D2 R2 B'"
65174323223123,7363544,"R B2 D' B' D2 B R2 D' R D R2"
65213741111111,8213964,"R B D' R2 D B' R D' R2 D2 B2"
65241371111111,7877147,"R B2 R B' D R D2 B' R D R2"
65243712121322,10419753,"R B2 R D2 R2 D B2 R D2 R2 B2"
65271341332331,7675871,"R B R2 D2 B R' B D' B R' B'"
65271432231233,7841281,"R B R B' D R' D R2 D B D"
65274131111111,9272381,"R B' R D' B2 D B2 R' D B D"
65274131311313,6430466,"R B R D' R B2 R' D2 B R' B"
65274131312213,7249806,"R B2 R B' R D R2 B' R D R"
65274132123332,6988110,"R B D R' D R' B D2 B' D2 R"
65274133132223,6951143,"R B2 R B2 R2 D R B D' R2 D'"
65274133232321,6265614,"R B D' R D' B R2 B2 R B' R'"
65274133312223,6814924,"R B R D' R2 B R D' R D2 R"
65314272311132,6465102,"R B R B' R2 B' D' R B2 R2 D'"
65314272313211,10757176,"R D' R B' R' D R2 D B D B'"
65321472111122,8268662,"R B D B2 D' B R2 D' R2 D B'"
65417321232113,6730123,"R B D R2 B2 D R D2 B2 R' B'"
65417323223123,6196831,"R B D2 B' R B' D2 R B2 R' D2"
65417323232123,6724929,"R B D' B2 D B' R B D2 R2 B2"
65423713321322,7498282,"R B R2 D2 B2 D' R D' R B2 R'"
65432173232321,7326996,"R B' R2 D' B R B R2 B D' B'"
65471231132213,8785008,"R B2 R B R' B R2 D' R B R'"
65714323223123,7193102,"R B2 R D' R2 B' R' D' R2 D' R"
65723143321313,6711507,"R B R2 B R' B' D B' D2 R B'"
65732411333123,14321598,"R2 B D2 R2 B2 D R D' B D' R"
65742311212313,6584426,"R B2 R' B2 R' B R2 D B2 D B2"
67132541133311,11694449,"R D' R2 B2 R' B2 D B2 D2 B D'"
67145323133312,7361869,"R B2 R2 B D' B2 R B2 R B2 R2"
67154233323332,10869211,"R B D' B R2 B2 D' R D' R' D"
67215343333133,9087842,"R B R2 B D2 B' D R' D' B2 R2"
67231541323112,8556372,"R D' B2 R D' B R' B' D' R B2"
67231543323122,8588129,"R D' R2 B D' B D' R' D' R D2"
67234513332122,6715591,"R B R2 B2 D R' D B' D B D2"
67245131313323,6997949,"R B D R2 D' R' D2 B D' B' R'"
67245311112311,10354016,"R D R' D B R2 B R2 D2 B D"
67245311133233,8367834,"R B D' R' D2 R' D' B2 R D2 R'"
67254311131133,11236454,"R2 B D2 B' D2 R D' R2 D B D'"
67254313311113,6959784,"R B R' D R2 D' B D' R B D2"
67312452233321,7151219,"R B D2 B' D B2 R' B' R2 B R'"
67312541121221,6952152,"R B D R' B2 R' B R2 D R' B"
67312542221111,8874125,"R B' R' D2 R B' R2 D R2 D' R2"
67321451111123,6717184,"R B R' B R' D' B2 R2 D' B R"
67321451112311,7217254,"R B D' R B2 R' B R' D' B R2"
67321451212211,11701669,"R2 B R' D' R D R' B R2 B' R"
67321451311133,7513951,"R B D' B' R D' R B2 D' R' D2"
67321452111122,6989003,"R B R D' R D' B D2 B' D2 R'"
67321453113311,7835361,"R B2 R' D' R' D B2 D B2 D' R2"
67321542232133,7413147,"R B D B2 R' B' R2 B D R2 D"
67341252222323,7880069,"R B D2 R2 B' R B R' B R2 D"
67342512222113,7944689,"R B R' B R B' D2 R D' B R'"
67345122223133,10375507,"R D B' R2 D2 R D B R' B2 D"
67345122232133,10010402,"R D R D2 R2 D R D B' R2 B'"
67345211111123,6704379,"R B R' B R' D' B2 R2 D' B R'"
67345211111132,7231903,"R B2 R2 D2 B D' B' D R' D R2"
67345211112233,6964913,"R B2 R2 B' R B D' B2 R2 D' B"
67345211113322,6752833,"R B D' B' D R2 D B' D R2 D'"
67345211211122,7496356,"R B2 R2 D2 R' D R D2 R2 B2 R'"
67345211311133,7386922,"R B2 R B' R2 B' R2 D B2 D' B"
67345212111122,6774741,"R B R D' R D' B D2 B' D2 R"
67345213111133,7974983,"R B2 D2 R2 B' R D' R D2 B' R"
67354121111111,7745372,"R B R B2 R B R2 B R B R'"
67354211212121,7618169,"R B R' B2 R D' B2 R D B D2"
67354211313113,11121493,"R2 B2 R' D B D' R2 B2 R B2 R"
67354211333111,11077721,"R2 B2 R' B D B' R2 D2 R D2 R"
67354212111221,7708946,"R B2 R' B R2 D' B' R' D2 B D"
67354212212222,7231790,"R B D R2 D B D B' R2 D' R2"
67354212311132,7314279,"R B D2 R2 B R' B R' D2 R B'"
67354213111313,8903754,"R B' D R B2 D' B2 R D R2 D'"
67354213131311,8495329,"R B' R D B2 R' D2 B D B2 D'"
67354213211132,7219420,"R B2 R' D' R D2 B' D' R' B R2"
67354213313333,7270688,"R B D R2 D B2 D B' R' B R2"
67412353132121,8385339,"R D2 R' B2 R' D B' R2 D2 R' D"
67412353332221,6533258,"R B D' B2 R2 B D2 B R2 D R"
67412531131133,7994859,"R B D2 B2 R B' R' B D2 R D"
67435121332112,6051534,"R B D2 R' D2 R' B D' B2 R2 B"
67435123123121,6081463,"R B D2 R' D2 R' D R' D2 B2 D"
67452313321232,8592633,"R B2 R D2 R2 B R' B' R B' R"
71234563231322,8072271,"R B2 D B' R D B' R2 D2 B D"
71263541333222,10224148,"R2 B' R2 D B D2 B R2 B R' B2"
71263542323123,10323087,"R2 B' D2 R B R2 B D2 B R' D2"
71264533131323,10372549,"R B R2 B R2 B' R D2 B' D2 B"
71264533221323,10237531,"R B R2 D B' R2 D2 R B' R' D2"
71264533231223,11983449,"R B' D R2 D' R D' R D R' B2"
71264533231313,10922004,"R B D2 B' D2 B D' R2 D' R D2"
71326451211311,6708991,"R B2 R' D' B' R D2 B R' D B'"
71326453132121,6558444,"R B2 R' B2 R' B R' B2 D2 B' D"
71326543333313,9707365,"R B2 R2 B R2 B2 D2 B R2 B2 D'"
71345262132131,7565981,"R D B2 R' D2 R' D B' D2 R2 D"
71362453113311,7973873,"R B R' D' R D R' B R2 B' R"
71365423331312,9192295,"R B2 R2 D2 B' D2 B' D' B R' B'"
71423563213232,7558606,"R B R' D2 R' D R2 B' D2 B R'"
71423653213232,7088266,"R B' R' D' R B2 D' B R2 B' D"
71426353312211,7551977,"R B2 R D R2 D' R' B2 D B R"
71426533333223,8538963,"R B2 R' D B' D B2 D2 R2 B' D'"
71432561232323,7626859,"R B' R B2 R' D2 B R' D' B' R"
71432561323232,5947832,"R B R D' B2 R B2 R' D B' D"
71432562111221,7109994,"R B2 R' D' B' R D2 B' R2 B R2"
71432563232213,7569391,"R B2 D B R2 D2 B D' R B2 R'"
71432563323113,6409743,"R B D2 R' B R2 D R' D' B' D"
71432563323122,6877378,"R B2 D R B2 D2 R B' D B2 D'"
71432563332113,6458506,"R B R2 D' B R2 D B' D' B' R"
71435261322233,8841495,"R B2 R' D R' B R' D R' B2 R2"
71435262222122,8016431,"R B R D' B2 R' B R' D R' D'"
71435263211123,9386807,"R B2 R B' R B' R B' D' B2 D2"
71435263311122,8769069,"R B2 R B' D B' R D' R' B2 R2"
71435263333133,8932584,"R B2 R2 B' R D2 B' D2 B R2 D'"
71435263333223,9018877,"R B2 R2 B' D R2 B' D2 B D2 R'"
71435623333331,8801052,"R D2 R2 B2 D' B' D B' R2 B D'"
71436253333112,9668814,"R D' B R' B R2 D R' D' B' D2"
71452363213232,6915861,"R B2 D R' B D B' R2 D2 B R"
71452632222131,9236848,"R D R' B R' D R' D2 R B2 D'"
71453262222221,7398719,"R B2 R' D B D R' D2 B D' B'"
71453623311122,10073383,"R D B2 D' B D' R B2 R' D2 R"
71456321322323,7003984,"R B2 R D R' B2 D2 R D2 R' B'"
71456322111221,7333521,"R B2 R' D' B' R' D2 B D2 B' R2"
71462531113322,8786890,"R D B' R2 D R' D' B' D2 B2 R"
71462532111212,7576733,"R B D R' D2 B D' B2 R2 D R'"
71462532121112,7821571,"R B2 R B R2 D' B2 R D B R'"
71462533111223,9403893,"R D2 B' D R2 D2 R' D R2 B' R2"
71462533221113,7701258,"R B2 D' B D2 B2 D' R D2 B' R2"
71463523331222,7866150,"R B D2 R2 B' R B' D' B2 R2 D"
71523463131311,10000078,"R B2 R B' R2 B' D B2 R B' R2"
71523463231313,10350831,"R B2 R2 D' B D' B' D R B' D"
71523463331312,9863195,"R B2 R2 D' R B' R' D R B' R"
71532463221332,7618040,"R B R D2 R D' R B' D B D"
71534262122222,9657268,"R D R D2 B2 R D' R B' R D'"
71542633132322,7436088,"R B R2 D' R2 D R2 B' D B R'"
71543622111131,6291679,"R B R D2 B2 D' R' B2 R' D2 R"
71543623111121,6995722,"R B2 R' B R2 B R2 B2 D' R D'"
71546233331213,9597822,"R B D R' B2 R D' R D R' B2"
71546322231212,9949306,"R B R' B R' D B2 D R' D B'"
71562433123232,7172545,"R B D B' D2 B' D R2 B R' B"
71563243221221,8052064,"R B D' B2 R D' R D R' B2 R'"
71625433213133,12865379,"R2 B D B' D B' R B' R B2 D"
71643252231212,9787818,"R B D2 B2 R' B R' D' B R B'"
71643523331213,10065281,"R B D2 B' D2 B' R D R' B D2"
72134562312212,9098070,"R B2 D' R2 B D' R B' D B' D"
72136541322233,6750927,"R B D2 R' D2 B D' R' B D' R2"
72143563222331,6827874,"R B D' R' D R D' B R2 B' D"
72143651121113,6862284,"R B R' D' R2 D' B2 D R' B' R'"
72143651131112,7305867,"R B D' B' D2 B' D2 B D' B' R'"
72143651213111,6642541,"R B R2 B' D B' D R2 B2 D2 B"
72143651312111,6534909,"R B R B2 D2 B D B' R2 D2 B"
72143652111311,6656172,"R B R D2 B' R D' B' D2 R B'"
72143653111211,6622795,"R B R2 B R D' R B D B2 R'"
72145631233223,6516597,"R B R' B' D R2 D R' D' B D"
72145633232231,6540716,"R B R' D' R D2 R B' D' B D"
72145633312223,10569203,"R D2 B R' D B R2 D' R D B2"
72146352232223,7815728,"R B R2 B' R2 B R' D R B' D2"
72163452122222,9694932,"R D R2 B' D B D R2 D2 B' R"
72163453121213,8158239,"R B2 R2 D' B D' B' D R2 B' D'"
72163453131212,9218854,"R D R2 D2 R' B' D2 R D2 R' D2"
72163453133333,7886985,"R B2 R2 D' R B' R' D R2 B' R'"
72163453331333,9712368,"R D R2 D2 R' B' R2 D R2 D' R2"
72164353131113,9473741,"R B2 R D R' B D' B2 D' B R'"
72165431113331,6751478,"R B R' B D' R2 B2 D R B R'"
72165432111113,7017357,"R B2 R2 B R B' D' B D' B' R"
72165432111122,9332759,"R D2 R' B2 R B' R' B D2 R D2"
72165432211112,7673014,"R B2 R' D2 R D' R' D B2 R D2"
72165432323312,6785304,"R B D2 B' R B' R2 D2 B' R' B2"
72165433111112,6596592,"R B R2 B' D B D R' D R' D2"
72165433121333,7287514,"R B2 R2 D2 R D' B2 R B D2 R2"
72165433221233,6941573,"R B2 R' B R' B2 D2 B' R' B2 R'"
72165433233323,7502626,"R B' R B R' B2 D R2 D R' D"
72165433321223,6452033,"R B R' D2 B2 R B' R' B D' B"
72165433331213,7113144,"R B D' B2 R2 D' R D R B2 D2"
72345611111111,9184637,"R B' R2 B' R' D' R D2 B D' B"
72345611133113,6313526,"R B R B2 D' R2 D R2 D2 B' D"
72345611221223,5742117,"R B R D2 B' R B2 R' D R2 D2"
72345611222222,6232254,"R B R' B2 R' D' B2 D B' D2 B2"
72345611331332,6724830,"R B2 D' B' D B' R D2 B' R B'"
72345612122111,7191069,"R B2 D R' B2 D' R B R' D B"
72345612331331,5691145,"R B R B' R2 D R' D2 R B2 R2"
72345613221221,6064822,"R B D2 B R2 B' R2 B' D B D2"
72345613333331,7666848,"R B' D' R D' B' R B2 D' B2 D"
72356141112323,7370761,"R B R' D2 R B' R B R2 D2 B'"
72356141232113,6805095,"R B R' B' D R2 D R D2 R2 B'"
72356143211123,6516416,"R B R D2 R2 B2 R' B' D B' D"
72361453232333,6542767,"R B R B2 D' R D' B' R2 D B'"
72361542333233,11691652,"R2 B D R' D R B2 R2 D' R' B"
72365412222212,7154032,"R B R2 B R D2 R' D' R2 B D'"
72365413121312,10176417,"R D' R2 B R B2 R' D' B2 D' B'"
72365413131212,7437765,"R B R2 D2 R' B' D' B D2 R' D"
72365413331333,7581324,"R B2 R D' B D2 B' D2 R D' B'"
72435163333313,10744382,"R D' B D' R2 D' B' D' B R2 D"
72513641232323,6789827,"R B R2 B' D2 R2 B R' B' R2 B'"
72513641233322,7917087,"R B' R2 B R' D B2 R' D2 R D2"
72516342313223,7372218,"R B2 R B R2 B' D' B2 R B R"
72531463321232,8112676,"R B' R2 D B2 D' R2 D' B' D B2"
72534163211123,8457183,"R B2 R D B2 D' R' B2 D B D"
72541631111213,6945695,"R B D2 B' D B2 D B2 D2 R' B"
72541631111312,7722368,"R B' R B R2 D' R D' B D2 B'"
72541631112131,7230097,"R B2 R2 D2 B R' B R' D2 R B"
72541631113121,7511531,"R B2 D2 R' D B R2 B2 D R B"
72541632131111,6636602,"R B R D' R2 D R' B D' B2 R"
72541633121111,8227760,"R D R D' R2 D B' D B' D2 R"
72543162311111,6327690,"R B R2 B D' B D' B R2 D' R"
72543163211111,7028808,"R B2 R' B2 R' D R' B2 D2 B' R"
72543611221223,9286341,"R B R D' R2 B2 R' B' R D2 B'"
72543611223221,9725558,"R B D' B D' R2 B2 R D B D2"
72543611331332,10980877,"R B' D B R' B R2 D2 B' R B2"
72543611332331,9861107,"R B2 R D B D2 R B' D2 B' R"
72543612331331,9333453,"R B R2 B2 R' B R2 D R2 D2 R"
72543613132232,11895647,"R D R' D R' B R2 D2 B2 R B'"
72543613133222,9608413,"R B R' D B' D R2 B2 D2 R B'"
72543613221221,10041662,"R B2 R2 B D2 R' B D2 B2 D' R'"
72543613223312,11081833,"R B' R' B2 R D2 R' B D2 B D'"
72543613322312,11458655,"R B' D' B2 D B2 D' R D2 R D'"
72546311323112,6549784,"R B2 R D R2 D2 R' B R2 D' R'"
72546313323212,7321392,"R B2 R' B' R' D' R2 B R2 B' R2"
72561342313223,9839757,"R D' B2 D' B D2 B R2 D R D2"
72561432213122,11652005,"R B' R D2 R2 B' D B' D' B R2"
72561433221233,10328607,"R B D R2 B2 R' D B' D' R2 B"
72561433311233,13291952,"R D2 R2 D R' D R' B R' D B2"
72561433321133,11082106,"R B2 R2 B D' R B' D R' D B2"
72561433321223,10936639,"R B2 R2 B' D2 R' D R2 D2 R' D'"
72563411111213,6841229,"R B R' D2 R' B2 D R' B' D R'"
72563411111312,6716420,"R B R' B2 R' B D B2 R' B R"
72563411112131,9229886,"R D2 R' D R D B' D B' R2 D"
72563411113121,7334372,"R B2 R' D B R B' D R' B2 D"
72563412131111,6655744,"R B R2 B' R D2 R B2 R2 D' B'"
72563413121111,6562922,"R B R D' B2 R B' D R' B D2"
72643513212311,6898744,"R B D' B R2 B' R B' D' B D2"
72643513212332,6406426,"R B2 R' B' D' R D2 R D2 R' D2"
73125463133132,7669308,"R B R' B2 D B' R B D' B2 D'"
73146522113231,6226821,"R B D B D2 B D B2 D2 R' D'"
73246153312211,6655865,"R B D R2 D2 B2 D' R' D B' R"
73456123231322,7594732,"R B R D B' D2 B R' B R' B'"
73516243323113,6590845,"R B R B2 R2 D' B D' R2 B2 D'"
73516243332131,7028737,"R B D B2 R2 D R' D R' B R'"
73541262321212,8793969,"R B R B2 R B R B2 D' R B"
73542163321133,8828802,"R B2 R2 B D2 B2 R2 B D2 B2 R'"
73542613132121,6436885,"R B D R' B2 D2 B R' B' D2 B2"
73542613132322,6573265,"R B R B2 R' D B2 R' B2 R B2"
73564213321322,8505425,"R B2 R B2 D' B' D R' B R' B"
73614251112323,8753217,"R B D B2 D B' D' R D' R2 D'"
73615241112323,11613228,"R B' R B2 D2 R2 B R' B R' D"
73615241113322,9492780,"R B' R D2 B2 R2 D B' R B' R"
73615242223133,9236869,"R B2 D' R D R B2 R2 D' B D"
73615243123313,8731896,"R B2 R2 B' D R2 B' D2 B R2 D'"
73615243213313,9029457,"R B2 R2 B' R B2 D' B2 D B2 R'"
73615243331312,8791389,"R B2 R2 B' D B2 R' D2 R B2 D'"
73615243332311,9111003,"R B2 R2 B' R D2 B' D2 B D2 R'"
73615421113322,6829225,"R B D2 R2 B2 R' D' B' R D2 B'"
73615423213211,9074978,"R D2 R' D R B D' R2 B R' B'"
73615423333331,7193121,"R B2 R' B D B R' D2 B R' D'"
73624513121132,11636155,"R D2 B' D2 R D' B R' B R' D"
73624513332131,10443995,"R D2 B' D2 R D' R D' B D' B"
73625141112323,8564234,"R B R2 B' R2 D2 B D B' D R2"
73625143121213,7271494,"R B R B2 D2 R D' B R' B D'"
73625143333313,7592582,"R B R' B D2 B R2 D' B R' D'"
73625412222323,7459619,"R B D2 B2 R B' R2 D B R2 D2"
73642511111111,9844580,"R B2 R' D' R D2 B' D' R D' R2"
73642511113232,8457714,"R B' D' B2 R D R2 D' R' B2 R'"
73642511113322,8422693,"R D R' B2 D R' B' R' B2 R2 D"
73642513223222,9204680,"R D2 B' D B2 D2 B' R D2 B' D2"
73645121113211,8316677,"R B D2 R' B' D2 B' D' R2 B D"
73645122222311,7948936,"R B D B D R' D2 B D2 B R2"
73645211223113,6050884,"R B R D' B2 D B' D2 R D' R"
73645211231111,7735771,"R B' D R2 D' R D' B R2 D2 B2"
73645211321111,6051102,"R B R2 B R' B D R2 B' D R'"
73645211332112,6294681,"R B D2 R D' R D2 R2 B' R B2"
73645213112231,6536149,"R B D2 R' D R D2 B R B' D'"
73645213333112,6935544,"R B2 D B' D B R2 D' B D' R'"
73651241113322,7303100,"R B2 R' D2 B2 R' D R D' B2 D"
73652413211312,7813936,"R B R' B R' B D' B2 D B2 R'"
73652413331321,8777715,"R B2 D B2 D B R2 D' B D' R2"
73654122111122,9726986,"R D' R2 B R2 B' R' D2 B2 R B'"
73654122221111,6769006,"R B R2 B R' B R' D' B2 R B'"
73654211111132,7984386,"R B R2 B' R2 D2 B D B' D R"
74123563323221,6260983,"R B R B' D2 B' R B2 D R' B"
74123652322121,9724515,"R B D2 B2 D' R D2 B R2 B2 R'"
74123653132232,12446414,"R D2 R2 D B' R B' R B' R B2"
74123653133132,10125081,"R B2 R2 B' R2 D' R D2 R2 D' R'"
74123653133222,10027034,"R B2 R2 B R' B R' D B' R B2"
74123653133231,9235327,"R B R D2 B2 D' B R' D' R2 B"
74125631313311,6626453,"R B R2 B D2 R2 B R' B' R B2"
74125632121121,6927477,"R B2 R' B D' B R2 D' B' D B'"
74125632122111,6417129,"R B R' B2 D2 B' R' D2 R D2 B'"
74125632131111,6621274,"R B R D' R2 D R' B D' B2 R'"
74125632321332,6431422,"R B R2 D2 R B2 R' D B R2 D'"
74125633121111,8095267,"R D R D' R2 D B' D B' D2 R'"
74125633131233,6305485,"R B R' D2 R' B' D2 B R' D2 R2"
74125633132232,5735398,"R B R B2 D' R B2 R' D B2 D2"
74125633133222,6063929,"R B D2 B D2 B' D2 B' D R D2"
74125633133312,8070985,"R D R' D2 R' B' R2 B R' D2 R2"
74125633332323,7581810,"R B2 D' B' D2 R B R2 B2 R' D'"
74126352333122,8950375,"R D' R B D2 B2 R2 D' R' B R2"
74132561321231,8418761,"R B' D' R2 B D R2 D' R' D2 R'"
74132562121121,7819157,"R B2 D B2 D R B D R2 D B'"
74132562122111,7321071,"R B D2 R' B' D' B2 R D' B2 D"
74132563131221,9017261,"R D2 B' R B2 R2 B' D R2 B' D2"
74132563132112,7356654,"R B2 D' R B2 R2 B' R D2 B' D2"
74136522322121,9096553,"R B R' D B2 R D' R2 D' R B'"
74152363132232,8945812,"R B R2 D B D2 B2 R' B' D' B2"
74152363133132,9005677,"R B R2 B' D2 B R' D2 R' D R2"
74152363133222,10173426,"R B' R B2 R' D B' R B D' B2"
74152363133231,8988412,"R B R2 B2 R' B2 D' R' B2 R' B'"
74156322122123,6838830,"R B R' B R B2 R D' R2 B R2"
74156322122321,7006825,"R B D R2 B' R2 D B D2 B D'"
74156322313223,7018847,"R B2 R B R2 B' D' B2 R B R'"
74156323132331,6623863,"R B R' D2 B' D B R D2 R2 D"
74156323133123,6837348,"R B D2 R2 B D' R D B' R2 B'"
74163251121122,7603075,"R B2 D2 B D2 B D' B D2 B' R"
74163252112211,7046333,"R B D2 R' B D' B2 R D R2 D2"
74163252131111,7593329,"R B2 D2 R2 D' B' R B' R2 B D"
74163253121111,7536886,"R B' R D R2 B' R' B D2 B' R'"
74163253131332,6333246,"R B R' B2 D2 R' D B D B2 R2"
74163253133132,6236823,"R B D' R2 B2 D R' D' B D' B"
74163253133213,6755619,"R B2 R2 D2 R B' D2 R B R2 D2"
74163253133231,6435875,"R B2 R' B D' R2 B2 R' D' B2 D'"
74163253332323,6907849,"R B D2 B' D B R D' R D' R2"
74165231121212,11905450,"R B D2 B D B' D B' R' B2 R2"
74165231131313,11194919,"R B R' D R' B' R2 B' R' B2 R2"
74165231212121,11336585,"R B R2 B D R' D B' R' B2 R2"
74165231313131,11695787,"R B D2 R B' R2 B' D R' B R2"
74165232111212,11827412,"R B D' B2 R' B R2 B R' B' D2"
74165232121112,11251955,"R B R2 B R D' R B' R' B2 R2"
74165232121211,11392850,"R B R' D2 B' R D2 R D' B' D2"
74165233111313,12309357,"R B2 R2 B' R D' R D' R' D2 R'"
74165233131113,11292353,"R B R2 B2 R' D' B2 D' R' B D'"
74165233131311,11981654,"R B2 R2 B' R B' R D' R' B2 R'"
74165233131323,11350392,"R B R' B D' R' B2 R' D' B2 D2"
74165233132313,12216583,"R B2 R2 B' R' D2 R' D' R D' R"
74165233231313,12228620,"R B2 R2 B' R' B2 R' B' D B' R"
74213652323132,6546257,"R B R' D B R' D B' D2 B2 R"
74251633111313,8950657,"R B R' D R B' R2 B' R2 B R"
74256311321222,12453602,"R2 B R2 D2 B' D' R D' R D2 R"
74256313111232,14479207,"R2 D R2 B2 D' B' D B' R D2 R"
74265312333233,7526688,"R B D2 B' D2 R D' R2 D B D'"
74312652333332,7510543,"R B R2 B2 D B' D B' D R B2"
74321563311131,8058898,"R B D2 R' D2 R D2 B' D B D'"
74321653233323,8204304,"R D R B' D2 B R' D B' R2 D"
74325163131323,8743835,"R B R D' B2 D B' R B D' B2"
74325612221222,7130301,"R B R2 B2 R' D' R2 B D2 B' R2"
74325613121312,9087709,"R B' R' B D2 B2 D R' B' R D2"
74325613131212,7139451,"R B R2 B2 R' D' B2 R D2 R' B2"
74325613133333,7659094,"R B D2 R' D R B R2 B2 D' B"
74361253112132,8623878,"R D2 B R' B R B2 D' B R D2"
74361253211231,6301541,"R B R B' D' B D' R' D R2 D"
74365211121221,6884225,"R B2 R' B D' R2 B2 R B' D R2"
74365211213111,6490343,"R B R2 B' D B R2 B2 D B' R2"
74365211312111,6404064,"R B R B2 D2 B D B' D2 B' R2"
74365211313113,7089137,"R B2 R' D B D' R2 B2 R B2 R"
74365211333111,7060733,"R B2 R' B D B' R2 D2 R D2 R"
74365212111311,6536382,"R B R2 B2 D B D' B R2 B R2"
74365212222323,6726715,"R B R' D R' B2 R' D B D R2"
74365212333332,6397533,"R B R2 B D2 B' D2 B D' R' B2"
74365213111211,6846470,"R B D2 B2 R B R' B D2 B R2"
74365213121333,6674512,"R B R2 B' D' B2 D' B R B2 D2"
74512361322233,8703561,"R D R' B' D B2 D B R2 B2 D'"
74512362313223,6506570,"R B R B' D2 B' R' B D2 R' D2"
74513263121222,13246770,"R2 B R D' B D' B R' D R2 B"
74521632222212,8728954,"R B' D2 R B D2 B' D' B2 D' R'"
74521633121213,9798263,"R D2 R' B2 D R B2 R2 B' R' D2"
74521633121312,9015391,"R D R2 B' D' R2 D B R2 B D'"
74521633133333,9963744,"R D2 R' D2 B R B2 R2 B' D' R2"
74521633333313,8909044,"R D R2 B' D' B2 D B R2 B R'"
74523611121113,6851943,"R B R' D' R2 D' B2 D R' B' R"
74523611131112,7094574,"R B D' B' D2 B' D2 B D' B' R"
74523611213111,6998069,"R B D2 B2 D B' R D2 R2 D R'"
74523611312111,6648077,"R B R2 B2 R D' B D2 B2 D R'"
74523612111311,6915693,"R B R' D2 B' D B' R' D2 B R"
74523613111211,6628895,"R B R D' B2 D B' R' B D' B2"
74532163123223,7926012,"R B2 R' D R' D B2 D2 R2 B' R'"
74561231111222,6981674,"R B D2 B D' R D2 B' R D R'"
74561232111113,7085369,"R B2 R D' R D R2 B2 R B D2"
74561232221111,7856364,"R B' R2 B' R D2 B2 R B' D2 R"
74561233111112,7658979,"R B2 D' R' B2 D B D2 B2 D' R'"
74561233131233,6881213,"R B D' R2 B D B2 D R2 D2 B"
74561233233323,8105882,"R D R B' D2 B R' D B' R2 D'"
74561233311233,6896672,"R B R' B2 R' D2 R B2 R D R2"
74561233321133,6798549,"R B R2 B D2 B' D2 B' R D R2"
74561233321313,8288053,"R D R' B2 R' B' R2 B D' R2 D2"
74563211232332,6809218,"R B D2 R B2 D' B' D' B2 D' B'"
74653213133222,7994981,"R B D' R2 B D' R D B' R2 B'"
75132463233233,7952957,"R B R2 D2 B' R D' R' B2 D2 R"
75143263231313,9646745,"R B2 R2 D2 B' D2 B' R' B R' B'"
75146321323331,8769497,"R B2 D2 B' R D' R2 B' R B' R2"
75213642223133,7599822,"R B D2 B' R B' R D2 R' B2 R"
75231463211123,11030031,"R D B2 D' R B' D B2 D' R2 D"
75234161322233,6815515,"R B D R' B2 D B2 D' B R' D'"
75234162221111,9010071,"R D B2 D' B' D2 R B' R B R'"
75236143213232,6354820,"R B R' B R2 B' D R B R' B'"
75241632222323,7803748,"R B D2 B2 R B' R2 D B D2 R2"
75243162211322,13292076,"R2 B2 R B2 R2 B R2 D' R2 D2 B"
75243611113232,7034640,"R B2 R B' R2 D R B D2 R' B2"
75243613213232,6130320,"R B D2 B' D' B2 R B' D R D'"
75246131333312,8616678,"R B' R' B D2 R' B R' D' B2 D'"
75246311111111,16332346,"R2 D R' D B D2 R' D R B2 R'"
75246313212311,7262472,"R B D' R D2 B' D' B D' R2 D2"
75246313312211,7050330,"R B2 R D R2 D' R' B2 D B R'"
75246313332332,7054943,"R B2 R2 D R' D B' R2 B R2 D2"
75261432123233,8044335,"R B' R2 D B2 D' R' B2 D2 R B'"
75264132121232,8362090,"R B2 R' D R' B' R D B2 D B2"
75264132223331,6543368,"R B R B D2 R' B R' B' R2 B2"
75264132321212,8792110,"R B' R B' R2 B D2 R D' R2 D"
75264133121333,7068565,"R B R D2 R B D' R B2 D B2"
75264133331213,7166943,"R B R2 D2 B D' B R B' R2 B'"
75264311223122,7632777,"R B2 R2 B R2 B D2 R' D B2 D2"
75264313231112,8764673,"R B2 D2 R' D' B R' B2 D2 R D"
75312463333133,9016470,"R B R2 B' D2 B' D B R' B R2"
75314621133221,5719527,"R B R B' R' D' B R D' R B2"
75314621313212,12463198,"R' B D B' D2 B R' B R B2 D2"
75314623113122,6428928,"R B2 R' D2 R' D B2 R B2 R D2"
75316241231231,8995021,"R D R B' R B' R D2 R D R"
75321461311112,6995437,"R B2 D' B R D R2 D R' D' B'"
75321463132121,6331242,"R B2 R' B D2 B D2 B2 R' D R'"
75346122133133,8036791,"R B R' D' R B R' D2 B2 D B2"
75346211133122,6707492,"R B2 R B2 D2 R' D B' D2 R2 B2"
75346211211311,8516465,"R D B' R D' B D2 B2 D R' D'"
75346211311211,6324408,"R B R2 B D' R' B R' B' D2 B"
75346212323333,8082840,"R B' R2 B R B2 D2 R2 B R' D'"
75346213112132,6054697,"R B R' B2 R D R' B D' R D2"
75346213132121,6325115,"R B D R' B2 D2 B R' B D2 B2"
75346213132322,6384395,"R B R B2 R' D' B2 R D2 R' B2"
75346213332122,6774232,"R B2 R2 B' D R' D2 B R' B' R2"
75412631223332,5843969,"R B R D2 B R' D R2 D R' B2"
75416323232213,7828176,"R B R2 B' D2 B D' B R B' D2"
75431263133213,8939280,"R D2 R2 B2 D' R' D B' R2 B R'"
75462132123212,11805680,"R B' R D2 R2 B' D B' D' B R"
75613243131332,9039278,"R D2 R' B R B R' D2 B R' B'"
75613243133213,7352728,"R B2 R' B R D R' D2 B D' R'"
75634123323122,7039569,"R B D2 B' D2 B R' B R B' R2"
75641323232111,6665325,"R B2 R' D2 R' B R2 D B2 D R2"
75642132213311,6450493,"R B R' B R' D' B2 R' D2 R' D2"
76123453233323,6893574,"R B D R' B2 D R' B R' B R2"
76125343333133,9131738,"R B2 R B2 D' B' R B' D R' B"
76143252131312,7593573,"R B D2 B2 D R B D' R2 D' B"
76143252221222,7723018,"R B2 R B' R B2 R' D2 B D' R'"
76143253131212,7819165,"R B2 R D' R B2 R' D2 B D' B'"
76143253331333,7240738,"R B R' D2 B R2 B' D R' D2 R'"
76143253333313,10154047,"R D' R2 B R D2 R' D' R2 D' B'"
76145231121113,6436901,"R B R2 B2 R' D B2 R' D' B2 R"
76145231122112,11148539,"R2 B2 R' B D2 R' B' D' B2 R D"
76145231131112,6957777,"R B D2 B2 D' B D2 R' B' D2 R"
76145231221112,11127911,"R2 B2 R' D B2 R' B' D' R2 B D"
76145231311331,6269523,"R B R' B D' R2 D' R B R D2"
76145232123332,6725971,"R B R2 B R2 B' D2 B R' D' B2"
76145232233213,8316568,"R B' R2 B D' B2 R D B D' R"
76145232331313,6469277,"R B R2 B' R' D2 R' B D B2 R2"
76145232332213,8602383,"R B' D2 B D' R2 B D R B' R"
76145233133213,6872284,"R B D2 B' D' B2 D' R D B2 R2"
76145233232333,6531454,"R B R2 B2 D R D' B D2 B D2"
76154323333112,7978238,"R B2 D2 R' B' R D' B2 R2 D R"
76213543213133,8236453,"R B2 D R2 D B R2 D' B R' D2"
76213543311332,7727061,"R B D' B R' B R' D2 R B2 D'"
76215341231231,7419971,"R B R D' R B2 D' R2 D B R2"
76215433333133,8792628,"R B R' D2 B D' B R B' R2 B'"
76231451123111,7040715,"R B2 D' B R' D' R D2 R D B'"
76245311121131,6833844,"R B D' B D2 B' R D R2 B2 D2"
76245311131121,6155527,"R B R' B D' R B2 R2 B R' D'"
76245311213312,6511044,"R B D' R' D R2 D B' R B2 R'"
76245312132131,6645583,"R B2 R2 B' R2 B R D' B2 R D'"
76245313122122,6469423,"R B D B' R2 D R B' D B2 D"
76245313123121,6513346,"R B2 R D2 R2 B R D R' D2 R'"
76253141123132,6028662,"R B D R' B2 R D' B R D2 B2"
76253141211332,5913633,"R B R' B D B D' R2 B D B'"
76253413322312,8121491,"R B2 R D2 R2 D B2 R D2 R2 B"
76254133311323,13010786,"R2 B D2 R2 B' R' D B' D R2 D"
76254313211111,11571930,"R2 B D2 B2 R2 D' B' R B' R D2"
76312452212111,12027886,"R2 B D' B' D R B' D R2 D' R"
76312453211111,7038427,"R B R' B R2 B' D B' D' B R2"
76312453311311,7739502,"R B2 R' B' R' D R2 D R2 D' R2"
76312542321212,7556305,"R B D B' R2 D B' D2 R2 B R'"
76312542322121,7082150,"R B2 D B2 D R' D B2 D B R"
76312543322222,9382724,"R D2 B' R D2 R2 D' R D2 B' R2"
76315241112113,7404211,"R B' R D2 R' D R' B R2 D2 B2"
76315241113112,6344691,"R B D2 B D' R B R2 D' B R'"
76315241223113,6181628,"R B R2 D R' B R2 B2 D' R B2"
76315241322122,6545619,"R B D2 R' B2 R D B2 D' R2 D"
76315241323313,6898023,"R B2 D B' R D R2 B' D B' R'"
76315241332112,6314780,"R B D B' D2 B R' B2 D B' R"
76315243211231,6003031,"R B R2 B R2 D B D' R B' R'"
76315243323323,7220668,"R B2 D R' D B R2 D' B R' D'"
76321452122123,10298596,"R B D R' B2 D2 B D B R' B2"
76321452122321,10504123,"R B2 R B D B2 R B' R2 B' D"
76321452122333,10295516,"R B R2 B2 R' B D2 R D2 R2 D"
76321452123323,11941778,"R B' D R B2 R B' D2 R2 B R'"
76321452212231,9969213,"R B R2 D2 B2 R B D' R D' B'"
76321452213122,10474332,"R B D B' D2 R2 D R B R' B2"
76321453233131,10948881,"R B2 R2 B R2 D' B R2 B2 R' D'"
76321453311233,12504971,"R D R' B R' B R2 D2 B2 R B'"
76321453313312,11753353,"R B' R' D2 R B2 R' D R2 D R'"
76321453321133,10436560,"R B R' D' R B D2 B2 R2 B R'"
76321453323311,11984102,"R B' D' R2 D B2 D' B D2 B R'"
76321542211112,9970049,"R D B D' R B' D B2 D' B2 R'"
76321543211111,6699762,"R B R D' B2 R2 B D' B' R2 B2"
76321543311131,7400943,"R B D B2 D' B R2 D' R2 D B2"
76324151112233,6871905,"R B D B' D2 R B2 R' D R' D'"
76324151112323,8311024,"R B2 R B D' R2 B2 D R2 D' B'"
76324153323122,6795289,"R B2 R' B' D' R' D2 B R2 B' D2"
76325411111213,7111062,"R B2 R2 B D' R D B' R B R"
76325411111312,8775385,"R D2 R2 B' R' D B' D2 B D' B2"
76325411112131,6498004,"R B R2 B' R D B D' B R' B2"
76325411113121,7127192,"R B2 R2 B D B' D' B R' B' R"
76325411122121,7038297,"R B2 R' B2 R B' D' B D2 R B2"
76325411331311,7581925,"R B' D R' B2 D B R2 D' R D'"
76325412112121,8836897,"R D2 R' B2 R D' B' D B2 R B2"
76325412231212,7594689,"R B2 D2 B D B2 D B R2 B' R"
76325412333233,7552576,"R B2 D2 B R2 B D' R B2 R' B"
76325413222223,6991789,"R B2 R2 D R B2 R D' B' D2 R"
76341251111213,6938969,"R B D' R D R B' R2 B R' B2"
76341251111312,8650280,"R D B' R D R D' B2 D R' B2"
76341251112131,7642457,"R B2 D' B' R2 D B D2 B2 D' R'"
76341251113121,7004157,"R B2 R B' R D R2 B2 R D B2"
76341251221121,7339989,"R B' R2 B' D B2 R2 D B' D2 R"
76341251311313,7035768,"R B2 R B2 R2 D' R D R' B2 R"
76341252232313,6868255,"R B D B' R B2 R' B2 D B' D"
76341252323333,7532586,"R B2 R' D B' D R2 B' R' B D'"
76341253221212,7749671,"R B' R' B D' R' B D2 R' B2 R"
76341253233131,6237628,"R B R2 B R2 B' D2 B' D B R2"
76342511111231,5874743,"R B R B' D2 R B2 R' D R' D"
76342511111321,7557180,"R B' D B2 D' B2 R B' D' R' D"
76342511323112,6210871,"R B D2 R' B R' B D R B' R2"
76342512232223,7446034,"R B2 D R D2 B2 R D' R D2 R'"
76342513213112,9040263,"R2 B R B2 D R' D B2 D B' D2"
76342513322111,9412421,"R2 B R' B2 D' B D R' D B2 R2"
76342513323122,6573268,"R B2 R' B' D' R D2 B' D2 B D2"
76342513323212,7084087,"R B2 R' B' R' D R2 B' D2 B R2"
76345122211112,9678881,"R D B D' R B' D B2 D' B2 R"
76345122211121,7757670,"R B2 R2 B' R' D B2 R' D B D2"
76345122213311,6478381,"R B R' B R' D' B2 R' D2 R' D'"
76345122311111,7825491,"R B2 D2 R2 D R D B' R D' R2"
76345123211111,6602837,"R B R D' B2 R2 B D' B R2 B2"
76345123311113,7630781,"R B2 R2 B' R D' R2 B R' B' D2"
76345123311131,7283779,"R B D B2 D' B' R2 D B2 D' B2"
76345123312211,6208581,"R B R B' R B' D' B2 R2 D' R"
76351421112323,8963228,"R B' R2 B D' R B2 D' B2 D R2"
76351421113322,6665942,"R B R2 B' R2 D2 B D' B' D2 B'"
76351423321232,7043327,"R B R2 B' D' B2 R B' R D R'"
76354121121212,8244067,"R B2 R' B R2 B D R' B' D B2"
76354121122121,6919490,"R B R B2 D' R2 B D R2 D R'"
76354121311313,7055209,"R B R D2 B' R B D' B D' R'"
76354121313131,7774274,"R B D R B D' R' B D2 R' D"
76354122111212,9039988,"R B' R D' R2 D R2 B D' R2 D"
76354122112121,7519050,"R B D' R B R2 B R' D2 B D2"
76354122212222,7175109,"R B R2 D2 B R' B R B' D2 B'"
76354123211123,7686417,"R B2 R D B2 D' R' B2 D B D'"
76354123211132,6677977,"R B R' D R2 B' D' B R' D2 R2"
76354123313333,7842865,"R B2 R2 D B' D B' R2 B D2 R2"
76354212213323,7132972,"R B D2 B D R2 B D2 B D2 B"
76354212312233,7335310,"R B2 R D' R D R2 B' R B R"
76354212313322,7814334,"R B' R B2 D' B' D B' R2 B D'"
76354212333332,7183992,"R B2 R' B R' D2 B2 R' B' R2 D'"
76354213222223,7046583,"R B2 R D2 R2 B D R D' R2 D'"
76354213312223,6609310,"R B R B' R2 D B D' R B2 R"
76421351131121,5708935,"R B R B' D2 B' R' B' R D2 B'"
76512343213313,11437681,"R D2 B' R2 D R' B R' B D' B"
76512343332311,11410021,"R D2 B' R2 D R' D R' B D' R"
76514321112323,7644571,"R B D B2 D B' D' R D' R2 D2"
76514321232113,7046663,"R B D' R' D R2 D B' R B2 R2"
76521433232333,6818644,"R B R' B2 D' B R' D' R2 B D"
76523413223231,7177465,"R B2 D R' D R D2 B' R B R2"
76524313331222,8873500,"R B2 R D2 R2 D B2 R' D2 R2 B"
76541232131213,11720240,"R D' B2 D' R B D R2 D2 R B"
76541232221222,7208293,"R B R2 B2 R' D' R2 B D2 B' D2"
76541233121213,7432675,"R B R2 D' R D B R2 B2 D' B"
76541233331333,8004547,"R B D2 B2 D' B' R2 D B2 D' B2"
76541233333313,9048807,"R B' D' R D2 R2 D R' B' D R2"
76543211111111,15366138,"R2 D' R B R B2 R D' B' R B'"
76543211212112,7891444,"R B' D B2 R B2 R' B D' B2 D2"
76543211223221,6404838,"R B2 R' D R' B2 D2 B' D' B2 D'"
76543211332331,6395431,"R B2 R' B D2 R' D' B' D R' D'"
76543211333333,7071327,"R B2 D' R B D' B D' B2 D' B"
76543212132323,7049810,"R B D' R D' B2 R2 D R B D'"
76543212222221,6766320,"R B2 R2 D2 R D' R2 B R B2 D2"
76543212323213,6952672,"R B D2 R' B R' D2 B D B2 D2"
76543213113131,6999144,"R B2 R2 D B R2 B D' B' R2 D"
